library,gemgroup,0,1,2,3,4,5,6,7,8,9,10,11,12,13,14,15,16,17,18,19,20,21,22,23,bam,bam_index,barcodes,features,matrix
KD6_1_essential,1,KD6_seq1_essential_mRNA_lane_1_S49_L004_R1_001.fastq.gz,KD6_seq1_essential_mRNA_lane_1_S49_L004_R2_001.fastq.gz,KD6_seq1_essential_mRNA_lane_1_S49_L001_R1_001.fastq.gz,KD6_seq1_essential_mRNA_lane_1_S49_L001_R2_001.fastq.gz,KD6_seq1_essential_mRNA_lane_1_S49_L002_R1_001.fastq.gz,KD6_seq1_essential_mRNA_lane_1_S49_L002_R2_001.fastq.gz,KD6_seq1_essential_mRNA_lane_1_S49_L003_R1_001.fastq.gz,KD6_seq1_essential_mRNA_lane_1_S49_L003_R2_001.fastq.gz,KD6_seq1_essential_mRNA_lane_1_S25_L004_R1_001.fastq.gz,KD6_seq1_essential_mRNA_lane_1_S25_L004_R2_001.fastq.gz,KD6_seq1_essential_mRNA_lane_1_S25_L003_R1_001.fastq.gz,KD6_seq1_essential_mRNA_lane_1_S25_L003_R2_001.fastq.gz,KD6_seq1_essential_mRNA_lane_1_S25_L002_R1_001.fastq.gz,KD6_seq1_essential_mRNA_lane_1_S25_L002_R2_001.fastq.gz,KD6_seq1_essential_mRNA_lane_1_S25_L001_R1_001.fastq.gz,KD6_seq1_essential_mRNA_lane_1_S25_L001_R2_001.fastq.gz,KD6_seq1_essential_sgRNA_lane_1_S1_L004_R1_001.fastq.gz,KD6_seq1_essential_sgRNA_lane_1_S1_L004_R2_001.fastq.gz,KD6_seq1_essential_sgRNA_lane_1_S1_L001_R1_001.fastq.gz,KD6_seq1_essential_sgRNA_lane_1_S1_L001_R2_001.fastq.gz,KD6_seq1_essential_sgRNA_lane_1_S1_L002_R1_001.fastq.gz,KD6_seq1_essential_sgRNA_lane_1_S1_L002_R2_001.fastq.gz,KD6_seq1_essential_sgRNA_lane_1_S1_L003_R1_001.fastq.gz,KD6_seq1_essential_sgRNA_lane_1_S1_L003_R2_001.fastq.gz,KD6_1_essential_possorted_genome_bam.bam,KD6_1_essential_possorted_genome_bam.bam.bai,KD6_1_essential_barcodes.tsv.gz,KD6_1_essential_features.tsv.gz,KD6_1_essential_matrix.mtx.gz
KD6_2_essential,2,KD6_seq1_essential_mRNA_lane_2_S50_L002_R1_001.fastq.gz,KD6_seq1_essential_mRNA_lane_2_S50_L002_R2_001.fastq.gz,KD6_seq1_essential_mRNA_lane_2_S50_L003_R1_001.fastq.gz,KD6_seq1_essential_mRNA_lane_2_S50_L003_R2_001.fastq.gz,KD6_seq1_essential_mRNA_lane_2_S50_L001_R1_001.fastq.gz,KD6_seq1_essential_mRNA_lane_2_S50_L001_R2_001.fastq.gz,KD6_seq1_essential_mRNA_lane_2_S50_L004_R1_001.fastq.gz,KD6_seq1_essential_mRNA_lane_2_S50_L004_R2_001.fastq.gz,KD6_seq1_essential_mRNA_lane_2_S26_L001_R1_001.fastq.gz,KD6_seq1_essential_mRNA_lane_2_S26_L001_R2_001.fastq.gz,KD6_seq1_essential_mRNA_lane_2_S26_L003_R1_001.fastq.gz,KD6_seq1_essential_mRNA_lane_2_S26_L003_R2_001.fastq.gz,KD6_seq1_essential_mRNA_lane_2_S26_L002_R1_001.fastq.gz,KD6_seq1_essential_mRNA_lane_2_S26_L002_R2_001.fastq.gz,KD6_seq1_essential_mRNA_lane_2_S26_L004_R1_001.fastq.gz,KD6_seq1_essential_mRNA_lane_2_S26_L004_R2_001.fastq.gz,KD6_seq1_essential_sgRNA_lane_2_S2_L001_R1_001.fastq.gz,KD6_seq1_essential_sgRNA_lane_2_S2_L001_R2_001.fastq.gz,KD6_seq1_essential_sgRNA_lane_2_S2_L003_R1_001.fastq.gz,KD6_seq1_essential_sgRNA_lane_2_S2_L003_R2_001.fastq.gz,KD6_seq1_essential_sgRNA_lane_2_S2_L002_R1_001.fastq.gz,KD6_seq1_essential_sgRNA_lane_2_S2_L002_R2_001.fastq.gz,KD6_seq1_essential_sgRNA_lane_2_S2_L004_R1_001.fastq.gz,KD6_seq1_essential_sgRNA_lane_2_S2_L004_R2_001.fastq.gz,KD6_2_essential_possorted_genome_bam.bam,KD6_2_essential_possorted_genome_bam.bam.bai,KD6_2_essential_barcodes.tsv.gz,KD6_2_essential_features.tsv.gz,KD6_2_essential_matrix.mtx.gz
KD6_3_essential,3,KD6_seq1_essential_mRNA_lane_3_S51_L001_R1_001.fastq.gz,KD6_seq1_essential_mRNA_lane_3_S51_L001_R2_001.fastq.gz,KD6_seq1_essential_mRNA_lane_3_S51_L002_R1_001.fastq.gz,KD6_seq1_essential_mRNA_lane_3_S51_L002_R2_001.fastq.gz,KD6_seq1_essential_mRNA_lane_3_S51_L003_R1_001.fastq.gz,KD6_seq1_essential_mRNA_lane_3_S51_L003_R2_001.fastq.gz,KD6_seq1_essential_mRNA_lane_3_S51_L004_R1_001.fastq.gz,KD6_seq1_essential_mRNA_lane_3_S51_L004_R2_001.fastq.gz,KD6_seq1_essential_mRNA_lane_3_S27_L003_R1_001.fastq.gz,KD6_seq1_essential_mRNA_lane_3_S27_L003_R2_001.fastq.gz,KD6_seq1_essential_mRNA_lane_3_S27_L002_R1_001.fastq.gz,KD6_seq1_essential_mRNA_lane_3_S27_L002_R2_001.fastq.gz,KD6_seq1_essential_mRNA_lane_3_S27_L001_R1_001.fastq.gz,KD6_seq1_essential_mRNA_lane_3_S27_L001_R2_001.fastq.gz,KD6_seq1_essential_mRNA_lane_3_S27_L004_R1_001.fastq.gz,KD6_seq1_essential_mRNA_lane_3_S27_L004_R2_001.fastq.gz,KD6_seq1_essential_sgRNA_lane_3_S3_L004_R1_001.fastq.gz,KD6_seq1_essential_sgRNA_lane_3_S3_L004_R2_001.fastq.gz,KD6_seq1_essential_sgRNA_lane_3_S3_L002_R1_001.fastq.gz,KD6_seq1_essential_sgRNA_lane_3_S3_L002_R2_001.fastq.gz,KD6_seq1_essential_sgRNA_lane_3_S3_L003_R1_001.fastq.gz,KD6_seq1_essential_sgRNA_lane_3_S3_L003_R2_001.fastq.gz,KD6_seq1_essential_sgRNA_lane_3_S3_L001_R1_001.fastq.gz,KD6_seq1_essential_sgRNA_lane_3_S3_L001_R2_001.fastq.gz,KD6_3_essential_possorted_genome_bam.bam,KD6_3_essential_possorted_genome_bam.bam.bai,KD6_3_essential_barcodes.tsv.gz,KD6_3_essential_features.tsv.gz,KD6_3_essential_matrix.mtx.gz
KD6_4_essential,4,KD6_seq1_essential_mRNA_lane_4_S52_L004_R1_001.fastq.gz,KD6_seq1_essential_mRNA_lane_4_S52_L004_R2_001.fastq.gz,KD6_seq1_essential_mRNA_lane_4_S52_L003_R1_001.fastq.gz,KD6_seq1_essential_mRNA_lane_4_S52_L003_R2_001.fastq.gz,KD6_seq1_essential_mRNA_lane_4_S52_L002_R1_001.fastq.gz,KD6_seq1_essential_mRNA_lane_4_S52_L002_R2_001.fastq.gz,KD6_seq1_essential_mRNA_lane_4_S52_L001_R1_001.fastq.gz,KD6_seq1_essential_mRNA_lane_4_S52_L001_R2_001.fastq.gz,KD6_seq1_essential_mRNA_lane_4_S28_L004_R1_001.fastq.gz,KD6_seq1_essential_mRNA_lane_4_S28_L004_R2_001.fastq.gz,KD6_seq1_essential_mRNA_lane_4_S28_L003_R1_001.fastq.gz,KD6_seq1_essential_mRNA_lane_4_S28_L003_R2_001.fastq.gz,KD6_seq1_essential_mRNA_lane_4_S28_L002_R1_001.fastq.gz,KD6_seq1_essential_mRNA_lane_4_S28_L002_R2_001.fastq.gz,KD6_seq1_essential_mRNA_lane_4_S28_L001_R1_001.fastq.gz,KD6_seq1_essential_mRNA_lane_4_S28_L001_R2_001.fastq.gz,KD6_seq1_essential_sgRNA_lane_4_S4_L004_R1_001.fastq.gz,KD6_seq1_essential_sgRNA_lane_4_S4_L004_R2_001.fastq.gz,KD6_seq1_essential_sgRNA_lane_4_S4_L002_R1_001.fastq.gz,KD6_seq1_essential_sgRNA_lane_4_S4_L002_R2_001.fastq.gz,KD6_seq1_essential_sgRNA_lane_4_S4_L003_R1_001.fastq.gz,KD6_seq1_essential_sgRNA_lane_4_S4_L003_R2_001.fastq.gz,KD6_seq1_essential_sgRNA_lane_4_S4_L001_R1_001.fastq.gz,KD6_seq1_essential_sgRNA_lane_4_S4_L001_R2_001.fastq.gz,KD6_4_essential_possorted_genome_bam.bam,KD6_4_essential_possorted_genome_bam.bam.bai,KD6_4_essential_barcodes.tsv.gz,KD6_4_essential_features.tsv.gz,KD6_4_essential_matrix.mtx.gz
KD6_5_essential,5,KD6_seq1_essential_mRNA_lane_5_S53_L004_R1_001.fastq.gz,KD6_seq1_essential_mRNA_lane_5_S53_L004_R2_001.fastq.gz,KD6_seq1_essential_mRNA_lane_5_S53_L001_R1_001.fastq.gz,KD6_seq1_essential_mRNA_lane_5_S53_L001_R2_001.fastq.gz,KD6_seq1_essential_mRNA_lane_5_S53_L003_R1_001.fastq.gz,KD6_seq1_essential_mRNA_lane_5_S53_L003_R2_001.fastq.gz,KD6_seq1_essential_mRNA_lane_5_S53_L002_R1_001.fastq.gz,KD6_seq1_essential_mRNA_lane_5_S53_L002_R2_001.fastq.gz,KD6_seq1_essential_mRNA_lane_5_S29_L004_R1_001.fastq.gz,KD6_seq1_essential_mRNA_lane_5_S29_L004_R2_001.fastq.gz,KD6_seq1_essential_mRNA_lane_5_S29_L001_R1_001.fastq.gz,KD6_seq1_essential_mRNA_lane_5_S29_L001_R2_001.fastq.gz,KD6_seq1_essential_mRNA_lane_5_S29_L003_R1_001.fastq.gz,KD6_seq1_essential_mRNA_lane_5_S29_L003_R2_001.fastq.gz,KD6_seq1_essential_mRNA_lane_5_S29_L002_R1_001.fastq.gz,KD6_seq1_essential_mRNA_lane_5_S29_L002_R2_001.fastq.gz,KD6_seq1_essential_sgRNA_lane_5_S5_L001_R1_001.fastq.gz,KD6_seq1_essential_sgRNA_lane_5_S5_L001_R2_001.fastq.gz,KD6_seq1_essential_sgRNA_lane_5_S5_L003_R1_001.fastq.gz,KD6_seq1_essential_sgRNA_lane_5_S5_L003_R2_001.fastq.gz,KD6_seq1_essential_sgRNA_lane_5_S5_L002_R1_001.fastq.gz,KD6_seq1_essential_sgRNA_lane_5_S5_L002_R2_001.fastq.gz,KD6_seq1_essential_sgRNA_lane_5_S5_L004_R1_001.fastq.gz,KD6_seq1_essential_sgRNA_lane_5_S5_L004_R2_001.fastq.gz,KD6_5_essential_possorted_genome_bam.bam,KD6_5_essential_possorted_genome_bam.bam.bai,KD6_5_essential_barcodes.tsv.gz,KD6_5_essential_features.tsv.gz,KD6_5_essential_matrix.mtx.gz
KD6_6_essential,6,KD6_seq1_essential_mRNA_lane_6_S54_L004_R1_001.fastq.gz,KD6_seq1_essential_mRNA_lane_6_S54_L004_R2_001.fastq.gz,KD6_seq1_essential_mRNA_lane_6_S54_L002_R1_001.fastq.gz,KD6_seq1_essential_mRNA_lane_6_S54_L002_R2_001.fastq.gz,KD6_seq1_essential_mRNA_lane_6_S54_L003_R1_001.fastq.gz,KD6_seq1_essential_mRNA_lane_6_S54_L003_R2_001.fastq.gz,KD6_seq1_essential_mRNA_lane_6_S54_L001_R1_001.fastq.gz,KD6_seq1_essential_mRNA_lane_6_S54_L001_R2_001.fastq.gz,KD6_seq1_essential_mRNA_lane_6_S30_L003_R1_001.fastq.gz,KD6_seq1_essential_mRNA_lane_6_S30_L003_R2_001.fastq.gz,KD6_seq1_essential_mRNA_lane_6_S30_L002_R1_001.fastq.gz,KD6_seq1_essential_mRNA_lane_6_S30_L002_R2_001.fastq.gz,KD6_seq1_essential_mRNA_lane_6_S30_L001_R1_001.fastq.gz,KD6_seq1_essential_mRNA_lane_6_S30_L001_R2_001.fastq.gz,KD6_seq1_essential_mRNA_lane_6_S30_L004_R1_001.fastq.gz,KD6_seq1_essential_mRNA_lane_6_S30_L004_R2_001.fastq.gz,KD6_seq1_essential_sgRNA_lane_6_S6_L004_R1_001.fastq.gz,KD6_seq1_essential_sgRNA_lane_6_S6_L004_R2_001.fastq.gz,KD6_seq1_essential_sgRNA_lane_6_S6_L001_R1_001.fastq.gz,KD6_seq1_essential_sgRNA_lane_6_S6_L001_R2_001.fastq.gz,KD6_seq1_essential_sgRNA_lane_6_S6_L002_R1_001.fastq.gz,KD6_seq1_essential_sgRNA_lane_6_S6_L002_R2_001.fastq.gz,KD6_seq1_essential_sgRNA_lane_6_S6_L003_R1_001.fastq.gz,KD6_seq1_essential_sgRNA_lane_6_S6_L003_R2_001.fastq.gz,KD6_6_essential_possorted_genome_bam.bam,KD6_6_essential_possorted_genome_bam.bam.bai,KD6_6_essential_barcodes.tsv.gz,KD6_6_essential_features.tsv.gz,KD6_6_essential_matrix.mtx.gz
KD6_7_essential,7,KD6_seq1_essential_mRNA_lane_7_S55_L004_R1_001.fastq.gz,KD6_seq1_essential_mRNA_lane_7_S55_L004_R2_001.fastq.gz,KD6_seq1_essential_mRNA_lane_7_S55_L001_R1_001.fastq.gz,KD6_seq1_essential_mRNA_lane_7_S55_L001_R2_001.fastq.gz,KD6_seq1_essential_mRNA_lane_7_S55_L002_R1_001.fastq.gz,KD6_seq1_essential_mRNA_lane_7_S55_L002_R2_001.fastq.gz,KD6_seq1_essential_mRNA_lane_7_S55_L003_R1_001.fastq.gz,KD6_seq1_essential_mRNA_lane_7_S55_L003_R2_001.fastq.gz,KD6_seq1_essential_mRNA_lane_7_S31_L001_R1_001.fastq.gz,KD6_seq1_essential_mRNA_lane_7_S31_L001_R2_001.fastq.gz,KD6_seq1_essential_mRNA_lane_7_S31_L003_R1_001.fastq.gz,KD6_seq1_essential_mRNA_lane_7_S31_L003_R2_001.fastq.gz,KD6_seq1_essential_mRNA_lane_7_S31_L002_R1_001.fastq.gz,KD6_seq1_essential_mRNA_lane_7_S31_L002_R2_001.fastq.gz,KD6_seq1_essential_mRNA_lane_7_S31_L004_R1_001.fastq.gz,KD6_seq1_essential_mRNA_lane_7_S31_L004_R2_001.fastq.gz,KD6_seq1_essential_sgRNA_lane_7_S7_L003_R1_001.fastq.gz,KD6_seq1_essential_sgRNA_lane_7_S7_L003_R2_001.fastq.gz,KD6_seq1_essential_sgRNA_lane_7_S7_L002_R1_001.fastq.gz,KD6_seq1_essential_sgRNA_lane_7_S7_L002_R2_001.fastq.gz,KD6_seq1_essential_sgRNA_lane_7_S7_L001_R1_001.fastq.gz,KD6_seq1_essential_sgRNA_lane_7_S7_L001_R2_001.fastq.gz,KD6_seq1_essential_sgRNA_lane_7_S7_L004_R1_001.fastq.gz,KD6_seq1_essential_sgRNA_lane_7_S7_L004_R2_001.fastq.gz,KD6_7_essential_possorted_genome_bam.bam,KD6_7_essential_possorted_genome_bam.bam.bai,KD6_7_essential_barcodes.tsv.gz,KD6_7_essential_features.tsv.gz,KD6_7_essential_matrix.mtx.gz
KD6_8_essential,8,KD6_seq1_essential_mRNA_lane_8_S56_L001_R1_001.fastq.gz,KD6_seq1_essential_mRNA_lane_8_S56_L001_R2_001.fastq.gz,KD6_seq1_essential_mRNA_lane_8_S56_L002_R1_001.fastq.gz,KD6_seq1_essential_mRNA_lane_8_S56_L002_R2_001.fastq.gz,KD6_seq1_essential_mRNA_lane_8_S56_L003_R1_001.fastq.gz,KD6_seq1_essential_mRNA_lane_8_S56_L003_R2_001.fastq.gz,KD6_seq1_essential_mRNA_lane_8_S56_L004_R1_001.fastq.gz,KD6_seq1_essential_mRNA_lane_8_S56_L004_R2_001.fastq.gz,KD6_seq1_essential_mRNA_lane_8_S32_L004_R1_001.fastq.gz,KD6_seq1_essential_mRNA_lane_8_S32_L004_R2_001.fastq.gz,KD6_seq1_essential_mRNA_lane_8_S32_L001_R1_001.fastq.gz,KD6_seq1_essential_mRNA_lane_8_S32_L001_R2_001.fastq.gz,KD6_seq1_essential_mRNA_lane_8_S32_L003_R1_001.fastq.gz,KD6_seq1_essential_mRNA_lane_8_S32_L003_R2_001.fastq.gz,KD6_seq1_essential_mRNA_lane_8_S32_L002_R1_001.fastq.gz,KD6_seq1_essential_mRNA_lane_8_S32_L002_R2_001.fastq.gz,KD6_seq1_essential_sgRNA_lane_8_S8_L004_R1_001.fastq.gz,KD6_seq1_essential_sgRNA_lane_8_S8_L004_R2_001.fastq.gz,KD6_seq1_essential_sgRNA_lane_8_S8_L001_R1_001.fastq.gz,KD6_seq1_essential_sgRNA_lane_8_S8_L001_R2_001.fastq.gz,KD6_seq1_essential_sgRNA_lane_8_S8_L002_R1_001.fastq.gz,KD6_seq1_essential_sgRNA_lane_8_S8_L002_R2_001.fastq.gz,KD6_seq1_essential_sgRNA_lane_8_S8_L003_R1_001.fastq.gz,KD6_seq1_essential_sgRNA_lane_8_S8_L003_R2_001.fastq.gz,KD6_8_essential_possorted_genome_bam.bam,KD6_8_essential_possorted_genome_bam.bam.bai,KD6_8_essential_barcodes.tsv.gz,KD6_8_essential_features.tsv.gz,KD6_8_essential_matrix.mtx.gz
KD6_9_essential,9,KD6_seq1_essential_mRNA_lane_9_S57_L002_R1_001.fastq.gz,KD6_seq1_essential_mRNA_lane_9_S57_L002_R2_001.fastq.gz,KD6_seq1_essential_mRNA_lane_9_S57_L003_R1_001.fastq.gz,KD6_seq1_essential_mRNA_lane_9_S57_L003_R2_001.fastq.gz,KD6_seq1_essential_mRNA_lane_9_S57_L001_R1_001.fastq.gz,KD6_seq1_essential_mRNA_lane_9_S57_L001_R2_001.fastq.gz,KD6_seq1_essential_mRNA_lane_9_S57_L004_R1_001.fastq.gz,KD6_seq1_essential_mRNA_lane_9_S57_L004_R2_001.fastq.gz,KD6_seq1_essential_mRNA_lane_9_S33_L004_R1_001.fastq.gz,KD6_seq1_essential_mRNA_lane_9_S33_L004_R2_001.fastq.gz,KD6_seq1_essential_mRNA_lane_9_S33_L003_R1_001.fastq.gz,KD6_seq1_essential_mRNA_lane_9_S33_L003_R2_001.fastq.gz,KD6_seq1_essential_mRNA_lane_9_S33_L002_R1_001.fastq.gz,KD6_seq1_essential_mRNA_lane_9_S33_L002_R2_001.fastq.gz,KD6_seq1_essential_mRNA_lane_9_S33_L001_R1_001.fastq.gz,KD6_seq1_essential_mRNA_lane_9_S33_L001_R2_001.fastq.gz,KD6_seq1_essential_sgRNA_lane_9_S9_L003_R1_001.fastq.gz,KD6_seq1_essential_sgRNA_lane_9_S9_L003_R2_001.fastq.gz,KD6_seq1_essential_sgRNA_lane_9_S9_L002_R1_001.fastq.gz,KD6_seq1_essential_sgRNA_lane_9_S9_L002_R2_001.fastq.gz,KD6_seq1_essential_sgRNA_lane_9_S9_L001_R1_001.fastq.gz,KD6_seq1_essential_sgRNA_lane_9_S9_L001_R2_001.fastq.gz,KD6_seq1_essential_sgRNA_lane_9_S9_L004_R1_001.fastq.gz,KD6_seq1_essential_sgRNA_lane_9_S9_L004_R2_001.fastq.gz,KD6_9_essential_possorted_genome_bam.bam,KD6_9_essential_possorted_genome_bam.bam.bai,KD6_9_essential_barcodes.tsv.gz,KD6_9_essential_features.tsv.gz,KD6_9_essential_matrix.mtx.gz
KD6_10_essential,10,KD6_seq1_essential_mRNA_lane_10_S58_L001_R1_001.fastq.gz,KD6_seq1_essential_mRNA_lane_10_S58_L001_R2_001.fastq.gz,KD6_seq1_essential_mRNA_lane_10_S58_L003_R1_001.fastq.gz,KD6_seq1_essential_mRNA_lane_10_S58_L003_R2_001.fastq.gz,KD6_seq1_essential_mRNA_lane_10_S58_L002_R1_001.fastq.gz,KD6_seq1_essential_mRNA_lane_10_S58_L002_R2_001.fastq.gz,KD6_seq1_essential_mRNA_lane_10_S58_L004_R1_001.fastq.gz,KD6_seq1_essential_mRNA_lane_10_S58_L004_R2_001.fastq.gz,KD6_seq1_essential_mRNA_lane_10_S34_L004_R1_001.fastq.gz,KD6_seq1_essential_mRNA_lane_10_S34_L004_R2_001.fastq.gz,KD6_seq1_essential_mRNA_lane_10_S34_L001_R1_001.fastq.gz,KD6_seq1_essential_mRNA_lane_10_S34_L001_R2_001.fastq.gz,KD6_seq1_essential_mRNA_lane_10_S34_L003_R1_001.fastq.gz,KD6_seq1_essential_mRNA_lane_10_S34_L003_R2_001.fastq.gz,KD6_seq1_essential_mRNA_lane_10_S34_L002_R1_001.fastq.gz,KD6_seq1_essential_mRNA_lane_10_S34_L002_R2_001.fastq.gz,KD6_seq1_essential_sgRNA_lane_10_S10_L004_R1_001.fastq.gz,KD6_seq1_essential_sgRNA_lane_10_S10_L004_R2_001.fastq.gz,KD6_seq1_essential_sgRNA_lane_10_S10_L003_R1_001.fastq.gz,KD6_seq1_essential_sgRNA_lane_10_S10_L003_R2_001.fastq.gz,KD6_seq1_essential_sgRNA_lane_10_S10_L002_R1_001.fastq.gz,KD6_seq1_essential_sgRNA_lane_10_S10_L002_R2_001.fastq.gz,KD6_seq1_essential_sgRNA_lane_10_S10_L001_R1_001.fastq.gz,KD6_seq1_essential_sgRNA_lane_10_S10_L001_R2_001.fastq.gz,KD6_10_essential_possorted_genome_bam.bam,KD6_10_essential_possorted_genome_bam.bam.bai,KD6_10_essential_barcodes.tsv.gz,KD6_10_essential_features.tsv.gz,KD6_10_essential_matrix.mtx.gz
KD6_11_essential,11,KD6_seq1_essential_mRNA_lane_11_S59_L003_R1_001.fastq.gz,KD6_seq1_essential_mRNA_lane_11_S59_L003_R2_001.fastq.gz,KD6_seq1_essential_mRNA_lane_11_S59_L002_R1_001.fastq.gz,KD6_seq1_essential_mRNA_lane_11_S59_L002_R2_001.fastq.gz,KD6_seq1_essential_mRNA_lane_11_S59_L001_R1_001.fastq.gz,KD6_seq1_essential_mRNA_lane_11_S59_L001_R2_001.fastq.gz,KD6_seq1_essential_mRNA_lane_11_S59_L004_R1_001.fastq.gz,KD6_seq1_essential_mRNA_lane_11_S59_L004_R2_001.fastq.gz,KD6_seq1_essential_mRNA_lane_11_S35_L004_R1_001.fastq.gz,KD6_seq1_essential_mRNA_lane_11_S35_L004_R2_001.fastq.gz,KD6_seq1_essential_mRNA_lane_11_S35_L003_R1_001.fastq.gz,KD6_seq1_essential_mRNA_lane_11_S35_L003_R2_001.fastq.gz,KD6_seq1_essential_mRNA_lane_11_S35_L002_R1_001.fastq.gz,KD6_seq1_essential_mRNA_lane_11_S35_L002_R2_001.fastq.gz,KD6_seq1_essential_mRNA_lane_11_S35_L001_R1_001.fastq.gz,KD6_seq1_essential_mRNA_lane_11_S35_L001_R2_001.fastq.gz,KD6_seq1_essential_sgRNA_lane_11_S11_L004_R1_001.fastq.gz,KD6_seq1_essential_sgRNA_lane_11_S11_L004_R2_001.fastq.gz,KD6_seq1_essential_sgRNA_lane_11_S11_L001_R1_001.fastq.gz,KD6_seq1_essential_sgRNA_lane_11_S11_L001_R2_001.fastq.gz,KD6_seq1_essential_sgRNA_lane_11_S11_L003_R1_001.fastq.gz,KD6_seq1_essential_sgRNA_lane_11_S11_L003_R2_001.fastq.gz,KD6_seq1_essential_sgRNA_lane_11_S11_L002_R1_001.fastq.gz,KD6_seq1_essential_sgRNA_lane_11_S11_L002_R2_001.fastq.gz,KD6_11_essential_possorted_genome_bam.bam,KD6_11_essential_possorted_genome_bam.bam.bai,KD6_11_essential_barcodes.tsv.gz,KD6_11_essential_features.tsv.gz,KD6_11_essential_matrix.mtx.gz
KD6_12_essential,12,KD6_seq1_essential_mRNA_lane_12_S60_L001_R1_001.fastq.gz,KD6_seq1_essential_mRNA_lane_12_S60_L001_R2_001.fastq.gz,KD6_seq1_essential_mRNA_lane_12_S60_L003_R1_001.fastq.gz,KD6_seq1_essential_mRNA_lane_12_S60_L003_R2_001.fastq.gz,KD6_seq1_essential_mRNA_lane_12_S60_L002_R1_001.fastq.gz,KD6_seq1_essential_mRNA_lane_12_S60_L002_R2_001.fastq.gz,KD6_seq1_essential_mRNA_lane_12_S60_L004_R1_001.fastq.gz,KD6_seq1_essential_mRNA_lane_12_S60_L004_R2_001.fastq.gz,KD6_seq1_essential_mRNA_lane_12_S36_L001_R1_001.fastq.gz,KD6_seq1_essential_mRNA_lane_12_S36_L001_R2_001.fastq.gz,KD6_seq1_essential_mRNA_lane_12_S36_L003_R1_001.fastq.gz,KD6_seq1_essential_mRNA_lane_12_S36_L003_R2_001.fastq.gz,KD6_seq1_essential_mRNA_lane_12_S36_L002_R1_001.fastq.gz,KD6_seq1_essential_mRNA_lane_12_S36_L002_R2_001.fastq.gz,KD6_seq1_essential_mRNA_lane_12_S36_L004_R1_001.fastq.gz,KD6_seq1_essential_mRNA_lane_12_S36_L004_R2_001.fastq.gz,KD6_seq1_essential_sgRNA_lane_12_S12_L003_R1_001.fastq.gz,KD6_seq1_essential_sgRNA_lane_12_S12_L003_R2_001.fastq.gz,KD6_seq1_essential_sgRNA_lane_12_S12_L002_R1_001.fastq.gz,KD6_seq1_essential_sgRNA_lane_12_S12_L002_R2_001.fastq.gz,KD6_seq1_essential_sgRNA_lane_12_S12_L001_R1_001.fastq.gz,KD6_seq1_essential_sgRNA_lane_12_S12_L001_R2_001.fastq.gz,KD6_seq1_essential_sgRNA_lane_12_S12_L004_R1_001.fastq.gz,KD6_seq1_essential_sgRNA_lane_12_S12_L004_R2_001.fastq.gz,KD6_12_essential_possorted_genome_bam.bam,KD6_12_essential_possorted_genome_bam.bam.bai,KD6_12_essential_barcodes.tsv.gz,KD6_12_essential_features.tsv.gz,KD6_12_essential_matrix.mtx.gz
KD6_13_essential,13,KD6_seq1_essential_mRNA_lane_13_S61_L003_R1_001.fastq.gz,KD6_seq1_essential_mRNA_lane_13_S61_L003_R2_001.fastq.gz,KD6_seq1_essential_mRNA_lane_13_S61_L002_R1_001.fastq.gz,KD6_seq1_essential_mRNA_lane_13_S61_L002_R2_001.fastq.gz,KD6_seq1_essential_mRNA_lane_13_S61_L001_R1_001.fastq.gz,KD6_seq1_essential_mRNA_lane_13_S61_L001_R2_001.fastq.gz,KD6_seq1_essential_mRNA_lane_13_S61_L004_R1_001.fastq.gz,KD6_seq1_essential_mRNA_lane_13_S61_L004_R2_001.fastq.gz,KD6_seq1_essential_mRNA_lane_13_S37_L003_R1_001.fastq.gz,KD6_seq1_essential_mRNA_lane_13_S37_L003_R2_001.fastq.gz,KD6_seq1_essential_mRNA_lane_13_S37_L002_R1_001.fastq.gz,KD6_seq1_essential_mRNA_lane_13_S37_L002_R2_001.fastq.gz,KD6_seq1_essential_mRNA_lane_13_S37_L001_R1_001.fastq.gz,KD6_seq1_essential_mRNA_lane_13_S37_L001_R2_001.fastq.gz,KD6_seq1_essential_mRNA_lane_13_S37_L004_R1_001.fastq.gz,KD6_seq1_essential_mRNA_lane_13_S37_L004_R2_001.fastq.gz,KD6_seq1_essential_sgRNA_lane_13_S13_L001_R1_001.fastq.gz,KD6_seq1_essential_sgRNA_lane_13_S13_L001_R2_001.fastq.gz,KD6_seq1_essential_sgRNA_lane_13_S13_L003_R1_001.fastq.gz,KD6_seq1_essential_sgRNA_lane_13_S13_L003_R2_001.fastq.gz,KD6_seq1_essential_sgRNA_lane_13_S13_L002_R1_001.fastq.gz,KD6_seq1_essential_sgRNA_lane_13_S13_L002_R2_001.fastq.gz,KD6_seq1_essential_sgRNA_lane_13_S13_L004_R1_001.fastq.gz,KD6_seq1_essential_sgRNA_lane_13_S13_L004_R2_001.fastq.gz,KD6_13_essential_possorted_genome_bam.bam,KD6_13_essential_possorted_genome_bam.bam.bai,KD6_13_essential_barcodes.tsv.gz,KD6_13_essential_features.tsv.gz,KD6_13_essential_matrix.mtx.gz
KD6_14_essential,14,KD6_seq1_essential_mRNA_lane_14_S62_L004_R1_001.fastq.gz,KD6_seq1_essential_mRNA_lane_14_S62_L004_R2_001.fastq.gz,KD6_seq1_essential_mRNA_lane_14_S62_L001_R1_001.fastq.gz,KD6_seq1_essential_mRNA_lane_14_S62_L001_R2_001.fastq.gz,KD6_seq1_essential_mRNA_lane_14_S62_L002_R1_001.fastq.gz,KD6_seq1_essential_mRNA_lane_14_S62_L002_R2_001.fastq.gz,KD6_seq1_essential_mRNA_lane_14_S62_L003_R1_001.fastq.gz,KD6_seq1_essential_mRNA_lane_14_S62_L003_R2_001.fastq.gz,KD6_seq1_essential_mRNA_lane_14_S38_L004_R1_001.fastq.gz,KD6_seq1_essential_mRNA_lane_14_S38_L004_R2_001.fastq.gz,KD6_seq1_essential_mRNA_lane_14_S38_L003_R1_001.fastq.gz,KD6_seq1_essential_mRNA_lane_14_S38_L003_R2_001.fastq.gz,KD6_seq1_essential_mRNA_lane_14_S38_L002_R1_001.fastq.gz,KD6_seq1_essential_mRNA_lane_14_S38_L002_R2_001.fastq.gz,KD6_seq1_essential_mRNA_lane_14_S38_L001_R1_001.fastq.gz,KD6_seq1_essential_mRNA_lane_14_S38_L001_R2_001.fastq.gz,KD6_seq1_essential_sgRNA_lane_14_S14_L003_R1_001.fastq.gz,KD6_seq1_essential_sgRNA_lane_14_S14_L003_R2_001.fastq.gz,KD6_seq1_essential_sgRNA_lane_14_S14_L002_R1_001.fastq.gz,KD6_seq1_essential_sgRNA_lane_14_S14_L002_R2_001.fastq.gz,KD6_seq1_essential_sgRNA_lane_14_S14_L001_R1_001.fastq.gz,KD6_seq1_essential_sgRNA_lane_14_S14_L001_R2_001.fastq.gz,KD6_seq1_essential_sgRNA_lane_14_S14_L004_R1_001.fastq.gz,KD6_seq1_essential_sgRNA_lane_14_S14_L004_R2_001.fastq.gz,KD6_14_essential_possorted_genome_bam.bam,KD6_14_essential_possorted_genome_bam.bam.bai,KD6_14_essential_barcodes.tsv.gz,KD6_14_essential_features.tsv.gz,KD6_14_essential_matrix.mtx.gz
KD6_15_essential,15,KD6_seq1_essential_mRNA_lane_15_S63_L004_R1_001.fastq.gz,KD6_seq1_essential_mRNA_lane_15_S63_L004_R2_001.fastq.gz,KD6_seq1_essential_mRNA_lane_15_S63_L002_R1_001.fastq.gz,KD6_seq1_essential_mRNA_lane_15_S63_L002_R2_001.fastq.gz,KD6_seq1_essential_mRNA_lane_15_S63_L003_R1_001.fastq.gz,KD6_seq1_essential_mRNA_lane_15_S63_L003_R2_001.fastq.gz,KD6_seq1_essential_mRNA_lane_15_S63_L001_R1_001.fastq.gz,KD6_seq1_essential_mRNA_lane_15_S63_L001_R2_001.fastq.gz,KD6_seq1_essential_mRNA_lane_15_S39_L004_R1_001.fastq.gz,KD6_seq1_essential_mRNA_lane_15_S39_L004_R2_001.fastq.gz,KD6_seq1_essential_mRNA_lane_15_S39_L001_R1_001.fastq.gz,KD6_seq1_essential_mRNA_lane_15_S39_L001_R2_001.fastq.gz,KD6_seq1_essential_mRNA_lane_15_S39_L003_R1_001.fastq.gz,KD6_seq1_essential_mRNA_lane_15_S39_L003_R2_001.fastq.gz,KD6_seq1_essential_mRNA_lane_15_S39_L002_R1_001.fastq.gz,KD6_seq1_essential_mRNA_lane_15_S39_L002_R2_001.fastq.gz,KD6_seq1_essential_sgRNA_lane_15_S15_L001_R1_001.fastq.gz,KD6_seq1_essential_sgRNA_lane_15_S15_L001_R2_001.fastq.gz,KD6_seq1_essential_sgRNA_lane_15_S15_L003_R1_001.fastq.gz,KD6_seq1_essential_sgRNA_lane_15_S15_L003_R2_001.fastq.gz,KD6_seq1_essential_sgRNA_lane_15_S15_L002_R1_001.fastq.gz,KD6_seq1_essential_sgRNA_lane_15_S15_L002_R2_001.fastq.gz,KD6_seq1_essential_sgRNA_lane_15_S15_L004_R1_001.fastq.gz,KD6_seq1_essential_sgRNA_lane_15_S15_L004_R2_001.fastq.gz,KD6_15_essential_possorted_genome_bam.bam,KD6_15_essential_possorted_genome_bam.bam.bai,KD6_15_essential_barcodes.tsv.gz,KD6_15_essential_features.tsv.gz,KD6_15_essential_matrix.mtx.gz
KD6_16_essential,16,KD6_seq1_essential_mRNA_lane_16_S64_L004_R1_001.fastq.gz,KD6_seq1_essential_mRNA_lane_16_S64_L004_R2_001.fastq.gz,KD6_seq1_essential_mRNA_lane_16_S64_L001_R1_001.fastq.gz,KD6_seq1_essential_mRNA_lane_16_S64_L001_R2_001.fastq.gz,KD6_seq1_essential_mRNA_lane_16_S64_L003_R1_001.fastq.gz,KD6_seq1_essential_mRNA_lane_16_S64_L003_R2_001.fastq.gz,KD6_seq1_essential_mRNA_lane_16_S64_L002_R1_001.fastq.gz,KD6_seq1_essential_mRNA_lane_16_S64_L002_R2_001.fastq.gz,KD6_seq1_essential_mRNA_lane_16_S40_L003_R1_001.fastq.gz,KD6_seq1_essential_mRNA_lane_16_S40_L003_R2_001.fastq.gz,KD6_seq1_essential_mRNA_lane_16_S40_L002_R1_001.fastq.gz,KD6_seq1_essential_mRNA_lane_16_S40_L002_R2_001.fastq.gz,KD6_seq1_essential_mRNA_lane_16_S40_L001_R1_001.fastq.gz,KD6_seq1_essential_mRNA_lane_16_S40_L001_R2_001.fastq.gz,KD6_seq1_essential_mRNA_lane_16_S40_L004_R1_001.fastq.gz,KD6_seq1_essential_mRNA_lane_16_S40_L004_R2_001.fastq.gz,KD6_seq1_essential_sgRNA_lane_16_S16_L004_R1_001.fastq.gz,KD6_seq1_essential_sgRNA_lane_16_S16_L004_R2_001.fastq.gz,KD6_seq1_essential_sgRNA_lane_16_S16_L003_R1_001.fastq.gz,KD6_seq1_essential_sgRNA_lane_16_S16_L003_R2_001.fastq.gz,KD6_seq1_essential_sgRNA_lane_16_S16_L002_R1_001.fastq.gz,KD6_seq1_essential_sgRNA_lane_16_S16_L002_R2_001.fastq.gz,KD6_seq1_essential_sgRNA_lane_16_S16_L001_R1_001.fastq.gz,KD6_seq1_essential_sgRNA_lane_16_S16_L001_R2_001.fastq.gz,KD6_16_essential_possorted_genome_bam.bam,KD6_16_essential_possorted_genome_bam.bam.bai,KD6_16_essential_barcodes.tsv.gz,KD6_16_essential_features.tsv.gz,KD6_16_essential_matrix.mtx.gz
KD6_17_essential,17,KD6_seq1_essential_mRNA_lane_17_S65_L004_R1_001.fastq.gz,KD6_seq1_essential_mRNA_lane_17_S65_L004_R2_001.fastq.gz,KD6_seq1_essential_mRNA_lane_17_S65_L003_R1_001.fastq.gz,KD6_seq1_essential_mRNA_lane_17_S65_L003_R2_001.fastq.gz,KD6_seq1_essential_mRNA_lane_17_S65_L002_R1_001.fastq.gz,KD6_seq1_essential_mRNA_lane_17_S65_L002_R2_001.fastq.gz,KD6_seq1_essential_mRNA_lane_17_S65_L001_R1_001.fastq.gz,KD6_seq1_essential_mRNA_lane_17_S65_L001_R2_001.fastq.gz,KD6_seq1_essential_mRNA_lane_17_S41_L001_R1_001.fastq.gz,KD6_seq1_essential_mRNA_lane_17_S41_L001_R2_001.fastq.gz,KD6_seq1_essential_mRNA_lane_17_S41_L003_R1_001.fastq.gz,KD6_seq1_essential_mRNA_lane_17_S41_L003_R2_001.fastq.gz,KD6_seq1_essential_mRNA_lane_17_S41_L002_R1_001.fastq.gz,KD6_seq1_essential_mRNA_lane_17_S41_L002_R2_001.fastq.gz,KD6_seq1_essential_mRNA_lane_17_S41_L004_R1_001.fastq.gz,KD6_seq1_essential_mRNA_lane_17_S41_L004_R2_001.fastq.gz,KD6_seq1_essential_sgRNA_lane_17_S17_L004_R1_001.fastq.gz,KD6_seq1_essential_sgRNA_lane_17_S17_L004_R2_001.fastq.gz,KD6_seq1_essential_sgRNA_lane_17_S17_L001_R1_001.fastq.gz,KD6_seq1_essential_sgRNA_lane_17_S17_L001_R2_001.fastq.gz,KD6_seq1_essential_sgRNA_lane_17_S17_L003_R1_001.fastq.gz,KD6_seq1_essential_sgRNA_lane_17_S17_L003_R2_001.fastq.gz,KD6_seq1_essential_sgRNA_lane_17_S17_L002_R1_001.fastq.gz,KD6_seq1_essential_sgRNA_lane_17_S17_L002_R2_001.fastq.gz,KD6_17_essential_possorted_genome_bam.bam,KD6_17_essential_possorted_genome_bam.bam.bai,KD6_17_essential_barcodes.tsv.gz,KD6_17_essential_features.tsv.gz,KD6_17_essential_matrix.mtx.gz
KD6_18_essential,18,KD6_seq1_essential_mRNA_lane_18_S66_L003_R1_001.fastq.gz,KD6_seq1_essential_mRNA_lane_18_S66_L003_R2_001.fastq.gz,KD6_seq1_essential_mRNA_lane_18_S66_L002_R1_001.fastq.gz,KD6_seq1_essential_mRNA_lane_18_S66_L002_R2_001.fastq.gz,KD6_seq1_essential_mRNA_lane_18_S66_L001_R1_001.fastq.gz,KD6_seq1_essential_mRNA_lane_18_S66_L001_R2_001.fastq.gz,KD6_seq1_essential_mRNA_lane_18_S66_L004_R1_001.fastq.gz,KD6_seq1_essential_mRNA_lane_18_S66_L004_R2_001.fastq.gz,KD6_seq1_essential_mRNA_lane_18_S42_L004_R1_001.fastq.gz,KD6_seq1_essential_mRNA_lane_18_S42_L004_R2_001.fastq.gz,KD6_seq1_essential_mRNA_lane_18_S42_L001_R1_001.fastq.gz,KD6_seq1_essential_mRNA_lane_18_S42_L001_R2_001.fastq.gz,KD6_seq1_essential_mRNA_lane_18_S42_L003_R1_001.fastq.gz,KD6_seq1_essential_mRNA_lane_18_S42_L003_R2_001.fastq.gz,KD6_seq1_essential_mRNA_lane_18_S42_L002_R1_001.fastq.gz,KD6_seq1_essential_mRNA_lane_18_S42_L002_R2_001.fastq.gz,KD6_seq1_essential_sgRNA_lane_18_S18_L002_R1_001.fastq.gz,KD6_seq1_essential_sgRNA_lane_18_S18_L002_R2_001.fastq.gz,KD6_seq1_essential_sgRNA_lane_18_S18_L003_R1_001.fastq.gz,KD6_seq1_essential_sgRNA_lane_18_S18_L003_R2_001.fastq.gz,KD6_seq1_essential_sgRNA_lane_18_S18_L001_R1_001.fastq.gz,KD6_seq1_essential_sgRNA_lane_18_S18_L001_R2_001.fastq.gz,KD6_seq1_essential_sgRNA_lane_18_S18_L004_R1_001.fastq.gz,KD6_seq1_essential_sgRNA_lane_18_S18_L004_R2_001.fastq.gz,KD6_18_essential_possorted_genome_bam.bam,KD6_18_essential_possorted_genome_bam.bam.bai,KD6_18_essential_barcodes.tsv.gz,KD6_18_essential_features.tsv.gz,KD6_18_essential_matrix.mtx.gz
KD6_19_essential,19,KD6_seq1_essential_mRNA_lane_19_S67_L001_R1_001.fastq.gz,KD6_seq1_essential_mRNA_lane_19_S67_L001_R2_001.fastq.gz,KD6_seq1_essential_mRNA_lane_19_S67_L003_R1_001.fastq.gz,KD6_seq1_essential_mRNA_lane_19_S67_L003_R2_001.fastq.gz,KD6_seq1_essential_mRNA_lane_19_S67_L002_R1_001.fastq.gz,KD6_seq1_essential_mRNA_lane_19_S67_L002_R2_001.fastq.gz,KD6_seq1_essential_mRNA_lane_19_S67_L004_R1_001.fastq.gz,KD6_seq1_essential_mRNA_lane_19_S67_L004_R2_001.fastq.gz,KD6_seq1_essential_mRNA_lane_19_S43_L004_R1_001.fastq.gz,KD6_seq1_essential_mRNA_lane_19_S43_L004_R2_001.fastq.gz,KD6_seq1_essential_mRNA_lane_19_S43_L003_R1_001.fastq.gz,KD6_seq1_essential_mRNA_lane_19_S43_L003_R2_001.fastq.gz,KD6_seq1_essential_mRNA_lane_19_S43_L002_R1_001.fastq.gz,KD6_seq1_essential_mRNA_lane_19_S43_L002_R2_001.fastq.gz,KD6_seq1_essential_mRNA_lane_19_S43_L001_R1_001.fastq.gz,KD6_seq1_essential_mRNA_lane_19_S43_L001_R2_001.fastq.gz,KD6_seq1_essential_sgRNA_lane_19_S19_L001_R1_001.fastq.gz,KD6_seq1_essential_sgRNA_lane_19_S19_L001_R2_001.fastq.gz,KD6_seq1_essential_sgRNA_lane_19_S19_L002_R1_001.fastq.gz,KD6_seq1_essential_sgRNA_lane_19_S19_L002_R2_001.fastq.gz,KD6_seq1_essential_sgRNA_lane_19_S19_L003_R1_001.fastq.gz,KD6_seq1_essential_sgRNA_lane_19_S19_L003_R2_001.fastq.gz,KD6_seq1_essential_sgRNA_lane_19_S19_L004_R1_001.fastq.gz,KD6_seq1_essential_sgRNA_lane_19_S19_L004_R2_001.fastq.gz,KD6_19_essential_possorted_genome_bam.bam,KD6_19_essential_possorted_genome_bam.bam.bai,KD6_19_essential_barcodes.tsv.gz,KD6_19_essential_features.tsv.gz,KD6_19_essential_matrix.mtx.gz
KD6_20_essential,20,KD6_seq1_essential_mRNA_lane_20_S68_L004_R1_001.fastq.gz,KD6_seq1_essential_mRNA_lane_20_S68_L004_R2_001.fastq.gz,KD6_seq1_essential_mRNA_lane_20_S68_L003_R1_001.fastq.gz,KD6_seq1_essential_mRNA_lane_20_S68_L003_R2_001.fastq.gz,KD6_seq1_essential_mRNA_lane_20_S68_L002_R1_001.fastq.gz,KD6_seq1_essential_mRNA_lane_20_S68_L002_R2_001.fastq.gz,KD6_seq1_essential_mRNA_lane_20_S68_L001_R1_001.fastq.gz,KD6_seq1_essential_mRNA_lane_20_S68_L001_R2_001.fastq.gz,KD6_seq1_essential_mRNA_lane_20_S44_L004_R1_001.fastq.gz,KD6_seq1_essential_mRNA_lane_20_S44_L004_R2_001.fastq.gz,KD6_seq1_essential_mRNA_lane_20_S44_L003_R1_001.fastq.gz,KD6_seq1_essential_mRNA_lane_20_S44_L003_R2_001.fastq.gz,KD6_seq1_essential_mRNA_lane_20_S44_L002_R1_001.fastq.gz,KD6_seq1_essential_mRNA_lane_20_S44_L002_R2_001.fastq.gz,KD6_seq1_essential_mRNA_lane_20_S44_L001_R1_001.fastq.gz,KD6_seq1_essential_mRNA_lane_20_S44_L001_R2_001.fastq.gz,KD6_seq1_essential_sgRNA_lane_20_S20_L001_R1_001.fastq.gz,KD6_seq1_essential_sgRNA_lane_20_S20_L001_R2_001.fastq.gz,KD6_seq1_essential_sgRNA_lane_20_S20_L003_R1_001.fastq.gz,KD6_seq1_essential_sgRNA_lane_20_S20_L003_R2_001.fastq.gz,KD6_seq1_essential_sgRNA_lane_20_S20_L002_R1_001.fastq.gz,KD6_seq1_essential_sgRNA_lane_20_S20_L002_R2_001.fastq.gz,KD6_seq1_essential_sgRNA_lane_20_S20_L004_R1_001.fastq.gz,KD6_seq1_essential_sgRNA_lane_20_S20_L004_R2_001.fastq.gz,KD6_20_essential_possorted_genome_bam.bam,KD6_20_essential_possorted_genome_bam.bam.bai,KD6_20_essential_barcodes.tsv.gz,KD6_20_essential_features.tsv.gz,KD6_20_essential_matrix.mtx.gz
KD6_21_essential,21,KD6_seq1_essential_mRNA_lane_21_S69_L004_R1_001.fastq.gz,KD6_seq1_essential_mRNA_lane_21_S69_L004_R2_001.fastq.gz,KD6_seq1_essential_mRNA_lane_21_S69_L001_R1_001.fastq.gz,KD6_seq1_essential_mRNA_lane_21_S69_L001_R2_001.fastq.gz,KD6_seq1_essential_mRNA_lane_21_S69_L003_R1_001.fastq.gz,KD6_seq1_essential_mRNA_lane_21_S69_L003_R2_001.fastq.gz,KD6_seq1_essential_mRNA_lane_21_S69_L002_R1_001.fastq.gz,KD6_seq1_essential_mRNA_lane_21_S69_L002_R2_001.fastq.gz,KD6_seq1_essential_mRNA_lane_21_S45_L004_R1_001.fastq.gz,KD6_seq1_essential_mRNA_lane_21_S45_L004_R2_001.fastq.gz,KD6_seq1_essential_mRNA_lane_21_S45_L001_R1_001.fastq.gz,KD6_seq1_essential_mRNA_lane_21_S45_L001_R2_001.fastq.gz,KD6_seq1_essential_mRNA_lane_21_S45_L003_R1_001.fastq.gz,KD6_seq1_essential_mRNA_lane_21_S45_L003_R2_001.fastq.gz,KD6_seq1_essential_mRNA_lane_21_S45_L002_R1_001.fastq.gz,KD6_seq1_essential_mRNA_lane_21_S45_L002_R2_001.fastq.gz,KD6_seq1_essential_sgRNA_lane_21_S21_L003_R1_001.fastq.gz,KD6_seq1_essential_sgRNA_lane_21_S21_L003_R2_001.fastq.gz,KD6_seq1_essential_sgRNA_lane_21_S21_L002_R1_001.fastq.gz,KD6_seq1_essential_sgRNA_lane_21_S21_L002_R2_001.fastq.gz,KD6_seq1_essential_sgRNA_lane_21_S21_L001_R1_001.fastq.gz,KD6_seq1_essential_sgRNA_lane_21_S21_L001_R2_001.fastq.gz,KD6_seq1_essential_sgRNA_lane_21_S21_L004_R1_001.fastq.gz,KD6_seq1_essential_sgRNA_lane_21_S21_L004_R2_001.fastq.gz,KD6_21_essential_possorted_genome_bam.bam,KD6_21_essential_possorted_genome_bam.bam.bai,KD6_21_essential_barcodes.tsv.gz,KD6_21_essential_features.tsv.gz,KD6_21_essential_matrix.mtx.gz
KD6_22_essential,22,KD6_seq1_essential_mRNA_lane_22_S70_L003_R1_001.fastq.gz,KD6_seq1_essential_mRNA_lane_22_S70_L003_R2_001.fastq.gz,KD6_seq1_essential_mRNA_lane_22_S70_L002_R1_001.fastq.gz,KD6_seq1_essential_mRNA_lane_22_S70_L002_R2_001.fastq.gz,KD6_seq1_essential_mRNA_lane_22_S70_L001_R1_001.fastq.gz,KD6_seq1_essential_mRNA_lane_22_S70_L001_R2_001.fastq.gz,KD6_seq1_essential_mRNA_lane_22_S70_L004_R1_001.fastq.gz,KD6_seq1_essential_mRNA_lane_22_S70_L004_R2_001.fastq.gz,KD6_seq1_essential_mRNA_lane_22_S46_L003_R1_001.fastq.gz,KD6_seq1_essential_mRNA_lane_22_S46_L003_R2_001.fastq.gz,KD6_seq1_essential_mRNA_lane_22_S46_L002_R1_001.fastq.gz,KD6_seq1_essential_mRNA_lane_22_S46_L002_R2_001.fastq.gz,KD6_seq1_essential_mRNA_lane_22_S46_L001_R1_001.fastq.gz,KD6_seq1_essential_mRNA_lane_22_S46_L001_R2_001.fastq.gz,KD6_seq1_essential_mRNA_lane_22_S46_L004_R1_001.fastq.gz,KD6_seq1_essential_mRNA_lane_22_S46_L004_R2_001.fastq.gz,KD6_seq1_essential_sgRNA_lane_22_S22_L004_R1_001.fastq.gz,KD6_seq1_essential_sgRNA_lane_22_S22_L004_R2_001.fastq.gz,KD6_seq1_essential_sgRNA_lane_22_S22_L001_R1_001.fastq.gz,KD6_seq1_essential_sgRNA_lane_22_S22_L001_R2_001.fastq.gz,KD6_seq1_essential_sgRNA_lane_22_S22_L003_R1_001.fastq.gz,KD6_seq1_essential_sgRNA_lane_22_S22_L003_R2_001.fastq.gz,KD6_seq1_essential_sgRNA_lane_22_S22_L002_R1_001.fastq.gz,KD6_seq1_essential_sgRNA_lane_22_S22_L002_R2_001.fastq.gz,KD6_22_essential_possorted_genome_bam.bam,KD6_22_essential_possorted_genome_bam.bam.bai,KD6_22_essential_barcodes.tsv.gz,KD6_22_essential_features.tsv.gz,KD6_22_essential_matrix.mtx.gz
KD6_23_essential,23,KD6_seq1_essential_mRNA_lane_23_S71_L001_R1_001.fastq.gz,KD6_seq1_essential_mRNA_lane_23_S71_L001_R2_001.fastq.gz,KD6_seq1_essential_mRNA_lane_23_S71_L003_R1_001.fastq.gz,KD6_seq1_essential_mRNA_lane_23_S71_L003_R2_001.fastq.gz,KD6_seq1_essential_mRNA_lane_23_S71_L002_R1_001.fastq.gz,KD6_seq1_essential_mRNA_lane_23_S71_L002_R2_001.fastq.gz,KD6_seq1_essential_mRNA_lane_23_S71_L004_R1_001.fastq.gz,KD6_seq1_essential_mRNA_lane_23_S71_L004_R2_001.fastq.gz,KD6_seq1_essential_mRNA_lane_23_S47_L001_R1_001.fastq.gz,KD6_seq1_essential_mRNA_lane_23_S47_L001_R2_001.fastq.gz,KD6_seq1_essential_mRNA_lane_23_S47_L003_R1_001.fastq.gz,KD6_seq1_essential_mRNA_lane_23_S47_L003_R2_001.fastq.gz,KD6_seq1_essential_mRNA_lane_23_S47_L002_R1_001.fastq.gz,KD6_seq1_essential_mRNA_lane_23_S47_L002_R2_001.fastq.gz,KD6_seq1_essential_mRNA_lane_23_S47_L004_R1_001.fastq.gz,KD6_seq1_essential_mRNA_lane_23_S47_L004_R2_001.fastq.gz,KD6_seq1_essential_sgRNA_lane_23_S23_L004_R1_001.fastq.gz,KD6_seq1_essential_sgRNA_lane_23_S23_L004_R2_001.fastq.gz,KD6_seq1_essential_sgRNA_lane_23_S23_L003_R1_001.fastq.gz,KD6_seq1_essential_sgRNA_lane_23_S23_L003_R2_001.fastq.gz,KD6_seq1_essential_sgRNA_lane_23_S23_L002_R1_001.fastq.gz,KD6_seq1_essential_sgRNA_lane_23_S23_L002_R2_001.fastq.gz,KD6_seq1_essential_sgRNA_lane_23_S23_L001_R1_001.fastq.gz,KD6_seq1_essential_sgRNA_lane_23_S23_L001_R2_001.fastq.gz,KD6_23_essential_possorted_genome_bam.bam,KD6_23_essential_possorted_genome_bam.bam.bai,KD6_23_essential_barcodes.tsv.gz,KD6_23_essential_features.tsv.gz,KD6_23_essential_matrix.mtx.gz
KD6_24_essential,24,KD6_seq1_essential_mRNA_lane_24_S72_L004_R1_001.fastq.gz,KD6_seq1_essential_mRNA_lane_24_S72_L004_R2_001.fastq.gz,KD6_seq1_essential_mRNA_lane_24_S72_L002_R1_001.fastq.gz,KD6_seq1_essential_mRNA_lane_24_S72_L002_R2_001.fastq.gz,KD6_seq1_essential_mRNA_lane_24_S72_L003_R1_001.fastq.gz,KD6_seq1_essential_mRNA_lane_24_S72_L003_R2_001.fastq.gz,KD6_seq1_essential_mRNA_lane_24_S72_L001_R1_001.fastq.gz,KD6_seq1_essential_mRNA_lane_24_S72_L001_R2_001.fastq.gz,KD6_seq1_essential_mRNA_lane_24_S48_L004_R1_001.fastq.gz,KD6_seq1_essential_mRNA_lane_24_S48_L004_R2_001.fastq.gz,KD6_seq1_essential_mRNA_lane_24_S48_L001_R1_001.fastq.gz,KD6_seq1_essential_mRNA_lane_24_S48_L001_R2_001.fastq.gz,KD6_seq1_essential_mRNA_lane_24_S48_L003_R1_001.fastq.gz,KD6_seq1_essential_mRNA_lane_24_S48_L003_R2_001.fastq.gz,KD6_seq1_essential_mRNA_lane_24_S48_L002_R1_001.fastq.gz,KD6_seq1_essential_mRNA_lane_24_S48_L002_R2_001.fastq.gz,KD6_seq1_essential_sgRNA_lane_24_S24_L004_R1_001.fastq.gz,KD6_seq1_essential_sgRNA_lane_24_S24_L004_R2_001.fastq.gz,KD6_seq1_essential_sgRNA_lane_24_S24_L001_R1_001.fastq.gz,KD6_seq1_essential_sgRNA_lane_24_S24_L001_R2_001.fastq.gz,KD6_seq1_essential_sgRNA_lane_24_S24_L003_R1_001.fastq.gz,KD6_seq1_essential_sgRNA_lane_24_S24_L003_R2_001.fastq.gz,KD6_seq1_essential_sgRNA_lane_24_S24_L002_R1_001.fastq.gz,KD6_seq1_essential_sgRNA_lane_24_S24_L002_R2_001.fastq.gz,KD6_24_essential_possorted_genome_bam.bam,KD6_24_essential_possorted_genome_bam.bam.bai,KD6_24_essential_barcodes.tsv.gz,KD6_24_essential_features.tsv.gz,KD6_24_essential_matrix.mtx.gz
KD6_25_essential,25,KD6_seq1_essential_mRNA_lane_25_S73_L004_R1_001.fastq.gz,KD6_seq1_essential_mRNA_lane_25_S73_L004_R2_001.fastq.gz,KD6_seq1_essential_mRNA_lane_25_S73_L001_R1_001.fastq.gz,KD6_seq1_essential_mRNA_lane_25_S73_L001_R2_001.fastq.gz,KD6_seq1_essential_mRNA_lane_25_S73_L002_R1_001.fastq.gz,KD6_seq1_essential_mRNA_lane_25_S73_L002_R2_001.fastq.gz,KD6_seq1_essential_mRNA_lane_25_S73_L003_R1_001.fastq.gz,KD6_seq1_essential_mRNA_lane_25_S73_L003_R2_001.fastq.gz,KD6_seq1_essential_mRNA_lane_25_S49_L004_R1_001.fastq.gz,KD6_seq1_essential_mRNA_lane_25_S49_L004_R2_001.fastq.gz,KD6_seq1_essential_mRNA_lane_25_S49_L003_R1_001.fastq.gz,KD6_seq1_essential_mRNA_lane_25_S49_L003_R2_001.fastq.gz,KD6_seq1_essential_mRNA_lane_25_S49_L002_R1_001.fastq.gz,KD6_seq1_essential_mRNA_lane_25_S49_L002_R2_001.fastq.gz,KD6_seq1_essential_mRNA_lane_25_S49_L001_R1_001.fastq.gz,KD6_seq1_essential_mRNA_lane_25_S49_L001_R2_001.fastq.gz,KD6_seq1_essential_sgRNA_lane_25_S25_L004_R1_001.fastq.gz,KD6_seq1_essential_sgRNA_lane_25_S25_L004_R2_001.fastq.gz,KD6_seq1_essential_sgRNA_lane_25_S25_L003_R1_001.fastq.gz,KD6_seq1_essential_sgRNA_lane_25_S25_L003_R2_001.fastq.gz,KD6_seq1_essential_sgRNA_lane_25_S25_L002_R1_001.fastq.gz,KD6_seq1_essential_sgRNA_lane_25_S25_L002_R2_001.fastq.gz,KD6_seq1_essential_sgRNA_lane_25_S25_L001_R1_001.fastq.gz,KD6_seq1_essential_sgRNA_lane_25_S25_L001_R2_001.fastq.gz,KD6_25_essential_possorted_genome_bam.bam,KD6_25_essential_possorted_genome_bam.bam.bai,KD6_25_essential_barcodes.tsv.gz,KD6_25_essential_features.tsv.gz,KD6_25_essential_matrix.mtx.gz
KD6_26_essential,26,KD6_seq1_essential_mRNA_lane_26_S74_L004_R1_001.fastq.gz,KD6_seq1_essential_mRNA_lane_26_S74_L004_R2_001.fastq.gz,KD6_seq1_essential_mRNA_lane_26_S74_L003_R1_001.fastq.gz,KD6_seq1_essential_mRNA_lane_26_S74_L003_R2_001.fastq.gz,KD6_seq1_essential_mRNA_lane_26_S74_L002_R1_001.fastq.gz,KD6_seq1_essential_mRNA_lane_26_S74_L002_R2_001.fastq.gz,KD6_seq1_essential_mRNA_lane_26_S74_L001_R1_001.fastq.gz,KD6_seq1_essential_mRNA_lane_26_S74_L001_R2_001.fastq.gz,KD6_seq1_essential_mRNA_lane_26_S50_L001_R1_001.fastq.gz,KD6_seq1_essential_mRNA_lane_26_S50_L001_R2_001.fastq.gz,KD6_seq1_essential_mRNA_lane_26_S50_L003_R1_001.fastq.gz,KD6_seq1_essential_mRNA_lane_26_S50_L003_R2_001.fastq.gz,KD6_seq1_essential_mRNA_lane_26_S50_L002_R1_001.fastq.gz,KD6_seq1_essential_mRNA_lane_26_S50_L002_R2_001.fastq.gz,KD6_seq1_essential_mRNA_lane_26_S50_L004_R1_001.fastq.gz,KD6_seq1_essential_mRNA_lane_26_S50_L004_R2_001.fastq.gz,KD6_seq1_essential_sgRNA_lane_26_S26_L001_R1_001.fastq.gz,KD6_seq1_essential_sgRNA_lane_26_S26_L001_R2_001.fastq.gz,KD6_seq1_essential_sgRNA_lane_26_S26_L003_R1_001.fastq.gz,KD6_seq1_essential_sgRNA_lane_26_S26_L003_R2_001.fastq.gz,KD6_seq1_essential_sgRNA_lane_26_S26_L002_R1_001.fastq.gz,KD6_seq1_essential_sgRNA_lane_26_S26_L002_R2_001.fastq.gz,KD6_seq1_essential_sgRNA_lane_26_S26_L004_R1_001.fastq.gz,KD6_seq1_essential_sgRNA_lane_26_S26_L004_R2_001.fastq.gz,KD6_26_essential_possorted_genome_bam.bam,KD6_26_essential_possorted_genome_bam.bam.bai,KD6_26_essential_barcodes.tsv.gz,KD6_26_essential_features.tsv.gz,KD6_26_essential_matrix.mtx.gz
KD6_27_essential,27,KD6_seq1_essential_mRNA_lane_27_S75_L004_R1_001.fastq.gz,KD6_seq1_essential_mRNA_lane_27_S75_L004_R2_001.fastq.gz,KD6_seq1_essential_mRNA_lane_27_S75_L001_R1_001.fastq.gz,KD6_seq1_essential_mRNA_lane_27_S75_L001_R2_001.fastq.gz,KD6_seq1_essential_mRNA_lane_27_S75_L003_R1_001.fastq.gz,KD6_seq1_essential_mRNA_lane_27_S75_L003_R2_001.fastq.gz,KD6_seq1_essential_mRNA_lane_27_S75_L002_R1_001.fastq.gz,KD6_seq1_essential_mRNA_lane_27_S75_L002_R2_001.fastq.gz,KD6_seq1_essential_mRNA_lane_27_S51_L003_R1_001.fastq.gz,KD6_seq1_essential_mRNA_lane_27_S51_L003_R2_001.fastq.gz,KD6_seq1_essential_mRNA_lane_27_S51_L002_R1_001.fastq.gz,KD6_seq1_essential_mRNA_lane_27_S51_L002_R2_001.fastq.gz,KD6_seq1_essential_mRNA_lane_27_S51_L001_R1_001.fastq.gz,KD6_seq1_essential_mRNA_lane_27_S51_L001_R2_001.fastq.gz,KD6_seq1_essential_mRNA_lane_27_S51_L004_R1_001.fastq.gz,KD6_seq1_essential_mRNA_lane_27_S51_L004_R2_001.fastq.gz,KD6_seq1_essential_sgRNA_lane_27_S27_L003_R1_001.fastq.gz,KD6_seq1_essential_sgRNA_lane_27_S27_L003_R2_001.fastq.gz,KD6_seq1_essential_sgRNA_lane_27_S27_L002_R1_001.fastq.gz,KD6_seq1_essential_sgRNA_lane_27_S27_L002_R2_001.fastq.gz,KD6_seq1_essential_sgRNA_lane_27_S27_L001_R1_001.fastq.gz,KD6_seq1_essential_sgRNA_lane_27_S27_L001_R2_001.fastq.gz,KD6_seq1_essential_sgRNA_lane_27_S27_L004_R1_001.fastq.gz,KD6_seq1_essential_sgRNA_lane_27_S27_L004_R2_001.fastq.gz,KD6_27_essential_possorted_genome_bam.bam,KD6_27_essential_possorted_genome_bam.bam.bai,KD6_27_essential_barcodes.tsv.gz,KD6_27_essential_features.tsv.gz,KD6_27_essential_matrix.mtx.gz
KD6_28_essential,28,KD6_seq1_essential_mRNA_lane_28_S76_L001_R1_001.fastq.gz,KD6_seq1_essential_mRNA_lane_28_S76_L001_R2_001.fastq.gz,KD6_seq1_essential_mRNA_lane_28_S76_L003_R1_001.fastq.gz,KD6_seq1_essential_mRNA_lane_28_S76_L003_R2_001.fastq.gz,KD6_seq1_essential_mRNA_lane_28_S76_L002_R1_001.fastq.gz,KD6_seq1_essential_mRNA_lane_28_S76_L002_R2_001.fastq.gz,KD6_seq1_essential_mRNA_lane_28_S76_L004_R1_001.fastq.gz,KD6_seq1_essential_mRNA_lane_28_S76_L004_R2_001.fastq.gz,KD6_seq1_essential_mRNA_lane_28_S52_L004_R1_001.fastq.gz,KD6_seq1_essential_mRNA_lane_28_S52_L004_R2_001.fastq.gz,KD6_seq1_essential_mRNA_lane_28_S52_L003_R1_001.fastq.gz,KD6_seq1_essential_mRNA_lane_28_S52_L003_R2_001.fastq.gz,KD6_seq1_essential_mRNA_lane_28_S52_L002_R1_001.fastq.gz,KD6_seq1_essential_mRNA_lane_28_S52_L002_R2_001.fastq.gz,KD6_seq1_essential_mRNA_lane_28_S52_L001_R1_001.fastq.gz,KD6_seq1_essential_mRNA_lane_28_S52_L001_R2_001.fastq.gz,KD6_seq1_essential_sgRNA_lane_28_S28_L004_R1_001.fastq.gz,KD6_seq1_essential_sgRNA_lane_28_S28_L004_R2_001.fastq.gz,KD6_seq1_essential_sgRNA_lane_28_S28_L001_R1_001.fastq.gz,KD6_seq1_essential_sgRNA_lane_28_S28_L001_R2_001.fastq.gz,KD6_seq1_essential_sgRNA_lane_28_S28_L002_R1_001.fastq.gz,KD6_seq1_essential_sgRNA_lane_28_S28_L002_R2_001.fastq.gz,KD6_seq1_essential_sgRNA_lane_28_S28_L003_R1_001.fastq.gz,KD6_seq1_essential_sgRNA_lane_28_S28_L003_R2_001.fastq.gz,KD6_28_essential_possorted_genome_bam.bam,KD6_28_essential_possorted_genome_bam.bam.bai,KD6_28_essential_barcodes.tsv.gz,KD6_28_essential_features.tsv.gz,KD6_28_essential_matrix.mtx.gz
KD6_29_essential,29,KD6_seq1_essential_mRNA_lane_29_S77_L003_R1_001.fastq.gz,KD6_seq1_essential_mRNA_lane_29_S77_L003_R2_001.fastq.gz,KD6_seq1_essential_mRNA_lane_29_S77_L002_R1_001.fastq.gz,KD6_seq1_essential_mRNA_lane_29_S77_L002_R2_001.fastq.gz,KD6_seq1_essential_mRNA_lane_29_S77_L001_R1_001.fastq.gz,KD6_seq1_essential_mRNA_lane_29_S77_L001_R2_001.fastq.gz,KD6_seq1_essential_mRNA_lane_29_S77_L004_R1_001.fastq.gz,KD6_seq1_essential_mRNA_lane_29_S77_L004_R2_001.fastq.gz,KD6_seq1_essential_mRNA_lane_29_S53_L004_R1_001.fastq.gz,KD6_seq1_essential_mRNA_lane_29_S53_L004_R2_001.fastq.gz,KD6_seq1_essential_mRNA_lane_29_S53_L001_R1_001.fastq.gz,KD6_seq1_essential_mRNA_lane_29_S53_L001_R2_001.fastq.gz,KD6_seq1_essential_mRNA_lane_29_S53_L003_R1_001.fastq.gz,KD6_seq1_essential_mRNA_lane_29_S53_L003_R2_001.fastq.gz,KD6_seq1_essential_mRNA_lane_29_S53_L002_R1_001.fastq.gz,KD6_seq1_essential_mRNA_lane_29_S53_L002_R2_001.fastq.gz,KD6_seq1_essential_sgRNA_lane_29_S29_L004_R1_001.fastq.gz,KD6_seq1_essential_sgRNA_lane_29_S29_L004_R2_001.fastq.gz,KD6_seq1_essential_sgRNA_lane_29_S29_L002_R1_001.fastq.gz,KD6_seq1_essential_sgRNA_lane_29_S29_L002_R2_001.fastq.gz,KD6_seq1_essential_sgRNA_lane_29_S29_L003_R1_001.fastq.gz,KD6_seq1_essential_sgRNA_lane_29_S29_L003_R2_001.fastq.gz,KD6_seq1_essential_sgRNA_lane_29_S29_L001_R1_001.fastq.gz,KD6_seq1_essential_sgRNA_lane_29_S29_L001_R2_001.fastq.gz,KD6_29_essential_possorted_genome_bam.bam,KD6_29_essential_possorted_genome_bam.bam.bai,KD6_29_essential_barcodes.tsv.gz,KD6_29_essential_features.tsv.gz,KD6_29_essential_matrix.mtx.gz
KD6_30_essential,30,KD6_seq1_essential_mRNA_lane_30_S78_L001_R1_001.fastq.gz,KD6_seq1_essential_mRNA_lane_30_S78_L001_R2_001.fastq.gz,KD6_seq1_essential_mRNA_lane_30_S78_L003_R1_001.fastq.gz,KD6_seq1_essential_mRNA_lane_30_S78_L003_R2_001.fastq.gz,KD6_seq1_essential_mRNA_lane_30_S78_L002_R1_001.fastq.gz,KD6_seq1_essential_mRNA_lane_30_S78_L002_R2_001.fastq.gz,KD6_seq1_essential_mRNA_lane_30_S78_L004_R1_001.fastq.gz,KD6_seq1_essential_mRNA_lane_30_S78_L004_R2_001.fastq.gz,KD6_seq1_essential_mRNA_lane_30_S54_L001_R1_001.fastq.gz,KD6_seq1_essential_mRNA_lane_30_S54_L001_R2_001.fastq.gz,KD6_seq1_essential_mRNA_lane_30_S54_L003_R1_001.fastq.gz,KD6_seq1_essential_mRNA_lane_30_S54_L003_R2_001.fastq.gz,KD6_seq1_essential_mRNA_lane_30_S54_L002_R1_001.fastq.gz,KD6_seq1_essential_mRNA_lane_30_S54_L002_R2_001.fastq.gz,KD6_seq1_essential_mRNA_lane_30_S54_L004_R1_001.fastq.gz,KD6_seq1_essential_mRNA_lane_30_S54_L004_R2_001.fastq.gz,KD6_seq1_essential_sgRNA_lane_30_S30_L004_R1_001.fastq.gz,KD6_seq1_essential_sgRNA_lane_30_S30_L004_R2_001.fastq.gz,KD6_seq1_essential_sgRNA_lane_30_S30_L003_R1_001.fastq.gz,KD6_seq1_essential_sgRNA_lane_30_S30_L003_R2_001.fastq.gz,KD6_seq1_essential_sgRNA_lane_30_S30_L002_R1_001.fastq.gz,KD6_seq1_essential_sgRNA_lane_30_S30_L002_R2_001.fastq.gz,KD6_seq1_essential_sgRNA_lane_30_S30_L001_R1_001.fastq.gz,KD6_seq1_essential_sgRNA_lane_30_S30_L001_R2_001.fastq.gz,KD6_30_essential_possorted_genome_bam.bam,KD6_30_essential_possorted_genome_bam.bam.bai,KD6_30_essential_barcodes.tsv.gz,KD6_30_essential_features.tsv.gz,KD6_30_essential_matrix.mtx.gz
KD6_31_essential,31,KD6_seq1_essential_mRNA_lane_31_S79_L003_R1_001.fastq.gz,KD6_seq1_essential_mRNA_lane_31_S79_L003_R2_001.fastq.gz,KD6_seq1_essential_mRNA_lane_31_S79_L002_R1_001.fastq.gz,KD6_seq1_essential_mRNA_lane_31_S79_L002_R2_001.fastq.gz,KD6_seq1_essential_mRNA_lane_31_S79_L001_R1_001.fastq.gz,KD6_seq1_essential_mRNA_lane_31_S79_L001_R2_001.fastq.gz,KD6_seq1_essential_mRNA_lane_31_S79_L004_R1_001.fastq.gz,KD6_seq1_essential_mRNA_lane_31_S79_L004_R2_001.fastq.gz,KD6_seq1_essential_mRNA_lane_31_S55_L003_R1_001.fastq.gz,KD6_seq1_essential_mRNA_lane_31_S55_L003_R2_001.fastq.gz,KD6_seq1_essential_mRNA_lane_31_S55_L002_R1_001.fastq.gz,KD6_seq1_essential_mRNA_lane_31_S55_L002_R2_001.fastq.gz,KD6_seq1_essential_mRNA_lane_31_S55_L001_R1_001.fastq.gz,KD6_seq1_essential_mRNA_lane_31_S55_L001_R2_001.fastq.gz,KD6_seq1_essential_mRNA_lane_31_S55_L004_R1_001.fastq.gz,KD6_seq1_essential_mRNA_lane_31_S55_L004_R2_001.fastq.gz,KD6_seq1_essential_sgRNA_lane_31_S31_L004_R1_001.fastq.gz,KD6_seq1_essential_sgRNA_lane_31_S31_L004_R2_001.fastq.gz,KD6_seq1_essential_sgRNA_lane_31_S31_L001_R1_001.fastq.gz,KD6_seq1_essential_sgRNA_lane_31_S31_L001_R2_001.fastq.gz,KD6_seq1_essential_sgRNA_lane_31_S31_L003_R1_001.fastq.gz,KD6_seq1_essential_sgRNA_lane_31_S31_L003_R2_001.fastq.gz,KD6_seq1_essential_sgRNA_lane_31_S31_L002_R1_001.fastq.gz,KD6_seq1_essential_sgRNA_lane_31_S31_L002_R2_001.fastq.gz,KD6_31_essential_possorted_genome_bam.bam,KD6_31_essential_possorted_genome_bam.bam.bai,KD6_31_essential_barcodes.tsv.gz,KD6_31_essential_features.tsv.gz,KD6_31_essential_matrix.mtx.gz
KD6_32_essential,32,KD6_seq1_essential_mRNA_lane_32_S80_L001_R1_001.fastq.gz,KD6_seq1_essential_mRNA_lane_32_S80_L001_R2_001.fastq.gz,KD6_seq1_essential_mRNA_lane_32_S80_L003_R1_001.fastq.gz,KD6_seq1_essential_mRNA_lane_32_S80_L003_R2_001.fastq.gz,KD6_seq1_essential_mRNA_lane_32_S80_L002_R1_001.fastq.gz,KD6_seq1_essential_mRNA_lane_32_S80_L002_R2_001.fastq.gz,KD6_seq1_essential_mRNA_lane_32_S80_L004_R1_001.fastq.gz,KD6_seq1_essential_mRNA_lane_32_S80_L004_R2_001.fastq.gz,KD6_seq1_essential_mRNA_lane_32_S56_L004_R1_001.fastq.gz,KD6_seq1_essential_mRNA_lane_32_S56_L004_R2_001.fastq.gz,KD6_seq1_essential_mRNA_lane_32_S56_L001_R1_001.fastq.gz,KD6_seq1_essential_mRNA_lane_32_S56_L001_R2_001.fastq.gz,KD6_seq1_essential_mRNA_lane_32_S56_L003_R1_001.fastq.gz,KD6_seq1_essential_mRNA_lane_32_S56_L003_R2_001.fastq.gz,KD6_seq1_essential_mRNA_lane_32_S56_L002_R1_001.fastq.gz,KD6_seq1_essential_mRNA_lane_32_S56_L002_R2_001.fastq.gz,KD6_seq1_essential_sgRNA_lane_32_S32_L003_R1_001.fastq.gz,KD6_seq1_essential_sgRNA_lane_32_S32_L003_R2_001.fastq.gz,KD6_seq1_essential_sgRNA_lane_32_S32_L002_R1_001.fastq.gz,KD6_seq1_essential_sgRNA_lane_32_S32_L002_R2_001.fastq.gz,KD6_seq1_essential_sgRNA_lane_32_S32_L001_R1_001.fastq.gz,KD6_seq1_essential_sgRNA_lane_32_S32_L001_R2_001.fastq.gz,KD6_seq1_essential_sgRNA_lane_32_S32_L004_R1_001.fastq.gz,KD6_seq1_essential_sgRNA_lane_32_S32_L004_R2_001.fastq.gz,KD6_32_essential_possorted_genome_bam.bam,KD6_32_essential_possorted_genome_bam.bam.bai,KD6_32_essential_barcodes.tsv.gz,KD6_32_essential_features.tsv.gz,KD6_32_essential_matrix.mtx.gz
KD6_33_essential,33,KD6_seq1_essential_mRNA_lane_33_S81_L003_R1_001.fastq.gz,KD6_seq1_essential_mRNA_lane_33_S81_L003_R2_001.fastq.gz,KD6_seq1_essential_mRNA_lane_33_S81_L002_R1_001.fastq.gz,KD6_seq1_essential_mRNA_lane_33_S81_L002_R2_001.fastq.gz,KD6_seq1_essential_mRNA_lane_33_S81_L001_R1_001.fastq.gz,KD6_seq1_essential_mRNA_lane_33_S81_L001_R2_001.fastq.gz,KD6_seq1_essential_mRNA_lane_33_S81_L004_R1_001.fastq.gz,KD6_seq1_essential_mRNA_lane_33_S81_L004_R2_001.fastq.gz,KD6_seq1_essential_mRNA_lane_33_S57_L004_R1_001.fastq.gz,KD6_seq1_essential_mRNA_lane_33_S57_L004_R2_001.fastq.gz,KD6_seq1_essential_mRNA_lane_33_S57_L003_R1_001.fastq.gz,KD6_seq1_essential_mRNA_lane_33_S57_L003_R2_001.fastq.gz,KD6_seq1_essential_mRNA_lane_33_S57_L002_R1_001.fastq.gz,KD6_seq1_essential_mRNA_lane_33_S57_L002_R2_001.fastq.gz,KD6_seq1_essential_mRNA_lane_33_S57_L001_R1_001.fastq.gz,KD6_seq1_essential_mRNA_lane_33_S57_L001_R2_001.fastq.gz,KD6_seq1_essential_sgRNA_lane_33_S33_L001_R1_001.fastq.gz,KD6_seq1_essential_sgRNA_lane_33_S33_L001_R2_001.fastq.gz,KD6_seq1_essential_sgRNA_lane_33_S33_L003_R1_001.fastq.gz,KD6_seq1_essential_sgRNA_lane_33_S33_L003_R2_001.fastq.gz,KD6_seq1_essential_sgRNA_lane_33_S33_L002_R1_001.fastq.gz,KD6_seq1_essential_sgRNA_lane_33_S33_L002_R2_001.fastq.gz,KD6_seq1_essential_sgRNA_lane_33_S33_L004_R1_001.fastq.gz,KD6_seq1_essential_sgRNA_lane_33_S33_L004_R2_001.fastq.gz,KD6_33_essential_possorted_genome_bam.bam,KD6_33_essential_possorted_genome_bam.bam.bai,KD6_33_essential_barcodes.tsv.gz,KD6_33_essential_features.tsv.gz,KD6_33_essential_matrix.mtx.gz
KD6_34_essential,34,KD6_seq1_essential_mRNA_lane_34_S82_L004_R1_001.fastq.gz,KD6_seq1_essential_mRNA_lane_34_S82_L004_R2_001.fastq.gz,KD6_seq1_essential_mRNA_lane_34_S82_L001_R1_001.fastq.gz,KD6_seq1_essential_mRNA_lane_34_S82_L001_R2_001.fastq.gz,KD6_seq1_essential_mRNA_lane_34_S82_L002_R1_001.fastq.gz,KD6_seq1_essential_mRNA_lane_34_S82_L002_R2_001.fastq.gz,KD6_seq1_essential_mRNA_lane_34_S82_L003_R1_001.fastq.gz,KD6_seq1_essential_mRNA_lane_34_S82_L003_R2_001.fastq.gz,KD6_seq1_essential_mRNA_lane_34_S58_L003_R1_001.fastq.gz,KD6_seq1_essential_mRNA_lane_34_S58_L003_R2_001.fastq.gz,KD6_seq1_essential_mRNA_lane_34_S58_L002_R1_001.fastq.gz,KD6_seq1_essential_mRNA_lane_34_S58_L002_R2_001.fastq.gz,KD6_seq1_essential_mRNA_lane_34_S58_L001_R1_001.fastq.gz,KD6_seq1_essential_mRNA_lane_34_S58_L001_R2_001.fastq.gz,KD6_seq1_essential_mRNA_lane_34_S58_L004_R1_001.fastq.gz,KD6_seq1_essential_mRNA_lane_34_S58_L004_R2_001.fastq.gz,KD6_seq1_essential_sgRNA_lane_34_S34_L003_R1_001.fastq.gz,KD6_seq1_essential_sgRNA_lane_34_S34_L003_R2_001.fastq.gz,KD6_seq1_essential_sgRNA_lane_34_S34_L002_R1_001.fastq.gz,KD6_seq1_essential_sgRNA_lane_34_S34_L002_R2_001.fastq.gz,KD6_seq1_essential_sgRNA_lane_34_S34_L001_R1_001.fastq.gz,KD6_seq1_essential_sgRNA_lane_34_S34_L001_R2_001.fastq.gz,KD6_seq1_essential_sgRNA_lane_34_S34_L004_R1_001.fastq.gz,KD6_seq1_essential_sgRNA_lane_34_S34_L004_R2_001.fastq.gz,KD6_34_essential_possorted_genome_bam.bam,KD6_34_essential_possorted_genome_bam.bam.bai,KD6_34_essential_barcodes.tsv.gz,KD6_34_essential_features.tsv.gz,KD6_34_essential_matrix.mtx.gz
KD6_35_essential,35,KD6_seq1_essential_mRNA_lane_35_S83_L004_R1_001.fastq.gz,KD6_seq1_essential_mRNA_lane_35_S83_L004_R2_001.fastq.gz,KD6_seq1_essential_mRNA_lane_35_S83_L002_R1_001.fastq.gz,KD6_seq1_essential_mRNA_lane_35_S83_L002_R2_001.fastq.gz,KD6_seq1_essential_mRNA_lane_35_S83_L003_R1_001.fastq.gz,KD6_seq1_essential_mRNA_lane_35_S83_L003_R2_001.fastq.gz,KD6_seq1_essential_mRNA_lane_35_S83_L001_R1_001.fastq.gz,KD6_seq1_essential_mRNA_lane_35_S83_L001_R2_001.fastq.gz,KD6_seq1_essential_mRNA_lane_35_S59_L001_R1_001.fastq.gz,KD6_seq1_essential_mRNA_lane_35_S59_L001_R2_001.fastq.gz,KD6_seq1_essential_mRNA_lane_35_S59_L003_R1_001.fastq.gz,KD6_seq1_essential_mRNA_lane_35_S59_L003_R2_001.fastq.gz,KD6_seq1_essential_mRNA_lane_35_S59_L002_R1_001.fastq.gz,KD6_seq1_essential_mRNA_lane_35_S59_L002_R2_001.fastq.gz,KD6_seq1_essential_mRNA_lane_35_S59_L004_R1_001.fastq.gz,KD6_seq1_essential_mRNA_lane_35_S59_L004_R2_001.fastq.gz,KD6_seq1_essential_sgRNA_lane_35_S35_L001_R1_001.fastq.gz,KD6_seq1_essential_sgRNA_lane_35_S35_L001_R2_001.fastq.gz,KD6_seq1_essential_sgRNA_lane_35_S35_L003_R1_001.fastq.gz,KD6_seq1_essential_sgRNA_lane_35_S35_L003_R2_001.fastq.gz,KD6_seq1_essential_sgRNA_lane_35_S35_L002_R1_001.fastq.gz,KD6_seq1_essential_sgRNA_lane_35_S35_L002_R2_001.fastq.gz,KD6_seq1_essential_sgRNA_lane_35_S35_L004_R1_001.fastq.gz,KD6_seq1_essential_sgRNA_lane_35_S35_L004_R2_001.fastq.gz,KD6_35_essential_possorted_genome_bam.bam,KD6_35_essential_possorted_genome_bam.bam.bai,KD6_35_essential_barcodes.tsv.gz,KD6_35_essential_features.tsv.gz,KD6_35_essential_matrix.mtx.gz
KD6_36_essential,36,KD6_seq1_essential_mRNA_lane_36_S84_L004_R1_001.fastq.gz,KD6_seq1_essential_mRNA_lane_36_S84_L004_R2_001.fastq.gz,KD6_seq1_essential_mRNA_lane_36_S84_L001_R1_001.fastq.gz,KD6_seq1_essential_mRNA_lane_36_S84_L001_R2_001.fastq.gz,KD6_seq1_essential_mRNA_lane_36_S84_L003_R1_001.fastq.gz,KD6_seq1_essential_mRNA_lane_36_S84_L003_R2_001.fastq.gz,KD6_seq1_essential_mRNA_lane_36_S84_L002_R1_001.fastq.gz,KD6_seq1_essential_mRNA_lane_36_S84_L002_R2_001.fastq.gz,KD6_seq1_essential_mRNA_lane_36_S60_L003_R1_001.fastq.gz,KD6_seq1_essential_mRNA_lane_36_S60_L003_R2_001.fastq.gz,KD6_seq1_essential_mRNA_lane_36_S60_L002_R1_001.fastq.gz,KD6_seq1_essential_mRNA_lane_36_S60_L002_R2_001.fastq.gz,KD6_seq1_essential_mRNA_lane_36_S60_L001_R1_001.fastq.gz,KD6_seq1_essential_mRNA_lane_36_S60_L001_R2_001.fastq.gz,KD6_seq1_essential_mRNA_lane_36_S60_L004_R1_001.fastq.gz,KD6_seq1_essential_mRNA_lane_36_S60_L004_R2_001.fastq.gz,KD6_seq1_essential_sgRNA_lane_36_S36_L004_R1_001.fastq.gz,KD6_seq1_essential_sgRNA_lane_36_S36_L004_R2_001.fastq.gz,KD6_seq1_essential_sgRNA_lane_36_S36_L003_R1_001.fastq.gz,KD6_seq1_essential_sgRNA_lane_36_S36_L003_R2_001.fastq.gz,KD6_seq1_essential_sgRNA_lane_36_S36_L002_R1_001.fastq.gz,KD6_seq1_essential_sgRNA_lane_36_S36_L002_R2_001.fastq.gz,KD6_seq1_essential_sgRNA_lane_36_S36_L001_R1_001.fastq.gz,KD6_seq1_essential_sgRNA_lane_36_S36_L001_R2_001.fastq.gz,KD6_36_essential_possorted_genome_bam.bam,KD6_36_essential_possorted_genome_bam.bam.bai,KD6_36_essential_barcodes.tsv.gz,KD6_36_essential_features.tsv.gz,KD6_36_essential_matrix.mtx.gz
KD6_37_essential,37,KD6_seq1_essential_mRNA_lane_37_S85_L004_R1_001.fastq.gz,KD6_seq1_essential_mRNA_lane_37_S85_L004_R2_001.fastq.gz,KD6_seq1_essential_mRNA_lane_37_S85_L003_R1_001.fastq.gz,KD6_seq1_essential_mRNA_lane_37_S85_L003_R2_001.fastq.gz,KD6_seq1_essential_mRNA_lane_37_S85_L002_R1_001.fastq.gz,KD6_seq1_essential_mRNA_lane_37_S85_L002_R2_001.fastq.gz,KD6_seq1_essential_mRNA_lane_37_S85_L001_R1_001.fastq.gz,KD6_seq1_essential_mRNA_lane_37_S85_L001_R2_001.fastq.gz,KD6_seq1_essential_mRNA_lane_37_S61_L001_R1_001.fastq.gz,KD6_seq1_essential_mRNA_lane_37_S61_L001_R2_001.fastq.gz,KD6_seq1_essential_mRNA_lane_37_S61_L003_R1_001.fastq.gz,KD6_seq1_essential_mRNA_lane_37_S61_L003_R2_001.fastq.gz,KD6_seq1_essential_mRNA_lane_37_S61_L002_R1_001.fastq.gz,KD6_seq1_essential_mRNA_lane_37_S61_L002_R2_001.fastq.gz,KD6_seq1_essential_mRNA_lane_37_S61_L004_R1_001.fastq.gz,KD6_seq1_essential_mRNA_lane_37_S61_L004_R2_001.fastq.gz,KD6_seq1_essential_sgRNA_lane_37_S37_L004_R1_001.fastq.gz,KD6_seq1_essential_sgRNA_lane_37_S37_L004_R2_001.fastq.gz,KD6_seq1_essential_sgRNA_lane_37_S37_L001_R1_001.fastq.gz,KD6_seq1_essential_sgRNA_lane_37_S37_L001_R2_001.fastq.gz,KD6_seq1_essential_sgRNA_lane_37_S37_L003_R1_001.fastq.gz,KD6_seq1_essential_sgRNA_lane_37_S37_L003_R2_001.fastq.gz,KD6_seq1_essential_sgRNA_lane_37_S37_L002_R1_001.fastq.gz,KD6_seq1_essential_sgRNA_lane_37_S37_L002_R2_001.fastq.gz,KD6_37_essential_possorted_genome_bam.bam,KD6_37_essential_possorted_genome_bam.bam.bai,KD6_37_essential_barcodes.tsv.gz,KD6_37_essential_features.tsv.gz,KD6_37_essential_matrix.mtx.gz
KD6_38_essential,38,KD6_seq1_essential_mRNA_lane_38_S86_L003_R1_001.fastq.gz,KD6_seq1_essential_mRNA_lane_38_S86_L003_R2_001.fastq.gz,KD6_seq1_essential_mRNA_lane_38_S86_L002_R1_001.fastq.gz,KD6_seq1_essential_mRNA_lane_38_S86_L002_R2_001.fastq.gz,KD6_seq1_essential_mRNA_lane_38_S86_L001_R1_001.fastq.gz,KD6_seq1_essential_mRNA_lane_38_S86_L001_R2_001.fastq.gz,KD6_seq1_essential_mRNA_lane_38_S86_L004_R1_001.fastq.gz,KD6_seq1_essential_mRNA_lane_38_S86_L004_R2_001.fastq.gz,KD6_seq1_essential_mRNA_lane_38_S62_L004_R1_001.fastq.gz,KD6_seq1_essential_mRNA_lane_38_S62_L004_R2_001.fastq.gz,KD6_seq1_essential_mRNA_lane_38_S62_L001_R1_001.fastq.gz,KD6_seq1_essential_mRNA_lane_38_S62_L001_R2_001.fastq.gz,KD6_seq1_essential_mRNA_lane_38_S62_L003_R1_001.fastq.gz,KD6_seq1_essential_mRNA_lane_38_S62_L003_R2_001.fastq.gz,KD6_seq1_essential_mRNA_lane_38_S62_L002_R1_001.fastq.gz,KD6_seq1_essential_mRNA_lane_38_S62_L002_R2_001.fastq.gz,KD6_seq1_essential_sgRNA_lane_38_S38_L002_R1_001.fastq.gz,KD6_seq1_essential_sgRNA_lane_38_S38_L002_R2_001.fastq.gz,KD6_seq1_essential_sgRNA_lane_38_S38_L003_R1_001.fastq.gz,KD6_seq1_essential_sgRNA_lane_38_S38_L003_R2_001.fastq.gz,KD6_seq1_essential_sgRNA_lane_38_S38_L001_R1_001.fastq.gz,KD6_seq1_essential_sgRNA_lane_38_S38_L001_R2_001.fastq.gz,KD6_seq1_essential_sgRNA_lane_38_S38_L004_R1_001.fastq.gz,KD6_seq1_essential_sgRNA_lane_38_S38_L004_R2_001.fastq.gz,KD6_38_essential_possorted_genome_bam.bam,KD6_38_essential_possorted_genome_bam.bam.bai,KD6_38_essential_barcodes.tsv.gz,KD6_38_essential_features.tsv.gz,KD6_38_essential_matrix.mtx.gz
KD6_39_essential,39,KD6_seq1_essential_mRNA_lane_39_S87_L001_R1_001.fastq.gz,KD6_seq1_essential_mRNA_lane_39_S87_L001_R2_001.fastq.gz,KD6_seq1_essential_mRNA_lane_39_S87_L003_R1_001.fastq.gz,KD6_seq1_essential_mRNA_lane_39_S87_L003_R2_001.fastq.gz,KD6_seq1_essential_mRNA_lane_39_S87_L002_R1_001.fastq.gz,KD6_seq1_essential_mRNA_lane_39_S87_L002_R2_001.fastq.gz,KD6_seq1_essential_mRNA_lane_39_S87_L004_R1_001.fastq.gz,KD6_seq1_essential_mRNA_lane_39_S87_L004_R2_001.fastq.gz,KD6_seq1_essential_mRNA_lane_39_S63_L004_R1_001.fastq.gz,KD6_seq1_essential_mRNA_lane_39_S63_L004_R2_001.fastq.gz,KD6_seq1_essential_mRNA_lane_39_S63_L003_R1_001.fastq.gz,KD6_seq1_essential_mRNA_lane_39_S63_L003_R2_001.fastq.gz,KD6_seq1_essential_mRNA_lane_39_S63_L002_R1_001.fastq.gz,KD6_seq1_essential_mRNA_lane_39_S63_L002_R2_001.fastq.gz,KD6_seq1_essential_mRNA_lane_39_S63_L001_R1_001.fastq.gz,KD6_seq1_essential_mRNA_lane_39_S63_L001_R2_001.fastq.gz,KD6_seq1_essential_sgRNA_lane_39_S39_L001_R1_001.fastq.gz,KD6_seq1_essential_sgRNA_lane_39_S39_L001_R2_001.fastq.gz,KD6_seq1_essential_sgRNA_lane_39_S39_L002_R1_001.fastq.gz,KD6_seq1_essential_sgRNA_lane_39_S39_L002_R2_001.fastq.gz,KD6_seq1_essential_sgRNA_lane_39_S39_L003_R1_001.fastq.gz,KD6_seq1_essential_sgRNA_lane_39_S39_L003_R2_001.fastq.gz,KD6_seq1_essential_sgRNA_lane_39_S39_L004_R1_001.fastq.gz,KD6_seq1_essential_sgRNA_lane_39_S39_L004_R2_001.fastq.gz,KD6_39_essential_possorted_genome_bam.bam,KD6_39_essential_possorted_genome_bam.bam.bai,KD6_39_essential_barcodes.tsv.gz,KD6_39_essential_features.tsv.gz,KD6_39_essential_matrix.mtx.gz
KD6_40_essential,40,KD6_seq1_essential_mRNA_lane_40_S88_L002_R1_001.fastq.gz,KD6_seq1_essential_mRNA_lane_40_S88_L002_R2_001.fastq.gz,KD6_seq1_essential_mRNA_lane_40_S88_L003_R1_001.fastq.gz,KD6_seq1_essential_mRNA_lane_40_S88_L003_R2_001.fastq.gz,KD6_seq1_essential_mRNA_lane_40_S88_L001_R1_001.fastq.gz,KD6_seq1_essential_mRNA_lane_40_S88_L001_R2_001.fastq.gz,KD6_seq1_essential_mRNA_lane_40_S88_L004_R1_001.fastq.gz,KD6_seq1_essential_mRNA_lane_40_S88_L004_R2_001.fastq.gz,KD6_seq1_essential_mRNA_lane_40_S64_L002_R1_001.fastq.gz,KD6_seq1_essential_mRNA_lane_40_S64_L002_R2_001.fastq.gz,KD6_seq1_essential_mRNA_lane_40_S64_L003_R1_001.fastq.gz,KD6_seq1_essential_mRNA_lane_40_S64_L003_R2_001.fastq.gz,KD6_seq1_essential_mRNA_lane_40_S64_L001_R1_001.fastq.gz,KD6_seq1_essential_mRNA_lane_40_S64_L001_R2_001.fastq.gz,KD6_seq1_essential_mRNA_lane_40_S64_L004_R1_001.fastq.gz,KD6_seq1_essential_mRNA_lane_40_S64_L004_R2_001.fastq.gz,KD6_seq1_essential_sgRNA_lane_40_S40_L001_R1_001.fastq.gz,KD6_seq1_essential_sgRNA_lane_40_S40_L001_R2_001.fastq.gz,KD6_seq1_essential_sgRNA_lane_40_S40_L002_R1_001.fastq.gz,KD6_seq1_essential_sgRNA_lane_40_S40_L002_R2_001.fastq.gz,KD6_seq1_essential_sgRNA_lane_40_S40_L003_R1_001.fastq.gz,KD6_seq1_essential_sgRNA_lane_40_S40_L003_R2_001.fastq.gz,KD6_seq1_essential_sgRNA_lane_40_S40_L004_R1_001.fastq.gz,KD6_seq1_essential_sgRNA_lane_40_S40_L004_R2_001.fastq.gz,KD6_40_essential_possorted_genome_bam.bam,KD6_40_essential_possorted_genome_bam.bam.bai,KD6_40_essential_barcodes.tsv.gz,KD6_40_essential_features.tsv.gz,KD6_40_essential_matrix.mtx.gz
KD6_41_essential,41,KD6_seq1_essential_mRNA_lane_41_S89_L001_R1_001.fastq.gz,KD6_seq1_essential_mRNA_lane_41_S89_L001_R2_001.fastq.gz,KD6_seq1_essential_mRNA_lane_41_S89_L002_R1_001.fastq.gz,KD6_seq1_essential_mRNA_lane_41_S89_L002_R2_001.fastq.gz,KD6_seq1_essential_mRNA_lane_41_S89_L003_R1_001.fastq.gz,KD6_seq1_essential_mRNA_lane_41_S89_L003_R2_001.fastq.gz,KD6_seq1_essential_mRNA_lane_41_S89_L004_R1_001.fastq.gz,KD6_seq1_essential_mRNA_lane_41_S89_L004_R2_001.fastq.gz,KD6_seq1_essential_mRNA_lane_41_S65_L001_R1_001.fastq.gz,KD6_seq1_essential_mRNA_lane_41_S65_L001_R2_001.fastq.gz,KD6_seq1_essential_mRNA_lane_41_S65_L002_R1_001.fastq.gz,KD6_seq1_essential_mRNA_lane_41_S65_L002_R2_001.fastq.gz,KD6_seq1_essential_mRNA_lane_41_S65_L003_R1_001.fastq.gz,KD6_seq1_essential_mRNA_lane_41_S65_L003_R2_001.fastq.gz,KD6_seq1_essential_mRNA_lane_41_S65_L004_R1_001.fastq.gz,KD6_seq1_essential_mRNA_lane_41_S65_L004_R2_001.fastq.gz,KD6_seq1_essential_sgRNA_lane_41_S41_L002_R1_001.fastq.gz,KD6_seq1_essential_sgRNA_lane_41_S41_L002_R2_001.fastq.gz,KD6_seq1_essential_sgRNA_lane_41_S41_L003_R1_001.fastq.gz,KD6_seq1_essential_sgRNA_lane_41_S41_L003_R2_001.fastq.gz,KD6_seq1_essential_sgRNA_lane_41_S41_L001_R1_001.fastq.gz,KD6_seq1_essential_sgRNA_lane_41_S41_L001_R2_001.fastq.gz,KD6_seq1_essential_sgRNA_lane_41_S41_L004_R1_001.fastq.gz,KD6_seq1_essential_sgRNA_lane_41_S41_L004_R2_001.fastq.gz,KD6_41_essential_possorted_genome_bam.bam,KD6_41_essential_possorted_genome_bam.bam.bai,KD6_41_essential_barcodes.tsv.gz,KD6_41_essential_features.tsv.gz,KD6_41_essential_matrix.mtx.gz
KD6_42_essential,42,KD6_seq1_essential_mRNA_lane_42_S90_L004_R1_001.fastq.gz,KD6_seq1_essential_mRNA_lane_42_S90_L004_R2_001.fastq.gz,KD6_seq1_essential_mRNA_lane_42_S90_L002_R1_001.fastq.gz,KD6_seq1_essential_mRNA_lane_42_S90_L002_R2_001.fastq.gz,KD6_seq1_essential_mRNA_lane_42_S90_L003_R1_001.fastq.gz,KD6_seq1_essential_mRNA_lane_42_S90_L003_R2_001.fastq.gz,KD6_seq1_essential_mRNA_lane_42_S90_L001_R1_001.fastq.gz,KD6_seq1_essential_mRNA_lane_42_S90_L001_R2_001.fastq.gz,KD6_seq1_essential_mRNA_lane_42_S66_L004_R1_001.fastq.gz,KD6_seq1_essential_mRNA_lane_42_S66_L004_R2_001.fastq.gz,KD6_seq1_essential_mRNA_lane_42_S66_L002_R1_001.fastq.gz,KD6_seq1_essential_mRNA_lane_42_S66_L002_R2_001.fastq.gz,KD6_seq1_essential_mRNA_lane_42_S66_L003_R1_001.fastq.gz,KD6_seq1_essential_mRNA_lane_42_S66_L003_R2_001.fastq.gz,KD6_seq1_essential_mRNA_lane_42_S66_L001_R1_001.fastq.gz,KD6_seq1_essential_mRNA_lane_42_S66_L001_R2_001.fastq.gz,KD6_seq1_essential_sgRNA_lane_42_S42_L004_R1_001.fastq.gz,KD6_seq1_essential_sgRNA_lane_42_S42_L004_R2_001.fastq.gz,KD6_seq1_essential_sgRNA_lane_42_S42_L001_R1_001.fastq.gz,KD6_seq1_essential_sgRNA_lane_42_S42_L001_R2_001.fastq.gz,KD6_seq1_essential_sgRNA_lane_42_S42_L002_R1_001.fastq.gz,KD6_seq1_essential_sgRNA_lane_42_S42_L002_R2_001.fastq.gz,KD6_seq1_essential_sgRNA_lane_42_S42_L003_R1_001.fastq.gz,KD6_seq1_essential_sgRNA_lane_42_S42_L003_R2_001.fastq.gz,KD6_42_essential_possorted_genome_bam.bam,KD6_42_essential_possorted_genome_bam.bam.bai,KD6_42_essential_barcodes.tsv.gz,KD6_42_essential_features.tsv.gz,KD6_42_essential_matrix.mtx.gz
KD6_43_essential,43,KD6_seq1_essential_mRNA_lane_43_S91_L004_R1_001.fastq.gz,KD6_seq1_essential_mRNA_lane_43_S91_L004_R2_001.fastq.gz,KD6_seq1_essential_mRNA_lane_43_S91_L001_R1_001.fastq.gz,KD6_seq1_essential_mRNA_lane_43_S91_L001_R2_001.fastq.gz,KD6_seq1_essential_mRNA_lane_43_S91_L002_R1_001.fastq.gz,KD6_seq1_essential_mRNA_lane_43_S91_L002_R2_001.fastq.gz,KD6_seq1_essential_mRNA_lane_43_S91_L003_R1_001.fastq.gz,KD6_seq1_essential_mRNA_lane_43_S91_L003_R2_001.fastq.gz,KD6_seq1_essential_mRNA_lane_43_S67_L004_R1_001.fastq.gz,KD6_seq1_essential_mRNA_lane_43_S67_L004_R2_001.fastq.gz,KD6_seq1_essential_mRNA_lane_43_S67_L001_R1_001.fastq.gz,KD6_seq1_essential_mRNA_lane_43_S67_L001_R2_001.fastq.gz,KD6_seq1_essential_mRNA_lane_43_S67_L002_R1_001.fastq.gz,KD6_seq1_essential_mRNA_lane_43_S67_L002_R2_001.fastq.gz,KD6_seq1_essential_mRNA_lane_43_S67_L003_R1_001.fastq.gz,KD6_seq1_essential_mRNA_lane_43_S67_L003_R2_001.fastq.gz,KD6_seq1_essential_sgRNA_lane_43_S43_L004_R1_001.fastq.gz,KD6_seq1_essential_sgRNA_lane_43_S43_L004_R2_001.fastq.gz,KD6_seq1_essential_sgRNA_lane_43_S43_L002_R1_001.fastq.gz,KD6_seq1_essential_sgRNA_lane_43_S43_L002_R2_001.fastq.gz,KD6_seq1_essential_sgRNA_lane_43_S43_L003_R1_001.fastq.gz,KD6_seq1_essential_sgRNA_lane_43_S43_L003_R2_001.fastq.gz,KD6_seq1_essential_sgRNA_lane_43_S43_L001_R1_001.fastq.gz,KD6_seq1_essential_sgRNA_lane_43_S43_L001_R2_001.fastq.gz,KD6_43_essential_possorted_genome_bam.bam,KD6_43_essential_possorted_genome_bam.bam.bai,KD6_43_essential_barcodes.tsv.gz,KD6_43_essential_features.tsv.gz,KD6_43_essential_matrix.mtx.gz
KD6_44_essential,44,KD6_seq1_essential_mRNA_lane_44_S92_L003_R1_001.fastq.gz,KD6_seq1_essential_mRNA_lane_44_S92_L003_R2_001.fastq.gz,KD6_seq1_essential_mRNA_lane_44_S92_L002_R1_001.fastq.gz,KD6_seq1_essential_mRNA_lane_44_S92_L002_R2_001.fastq.gz,KD6_seq1_essential_mRNA_lane_44_S92_L001_R1_001.fastq.gz,KD6_seq1_essential_mRNA_lane_44_S92_L001_R2_001.fastq.gz,KD6_seq1_essential_mRNA_lane_44_S92_L004_R1_001.fastq.gz,KD6_seq1_essential_mRNA_lane_44_S92_L004_R2_001.fastq.gz,KD6_seq1_essential_mRNA_lane_44_S68_L001_R1_001.fastq.gz,KD6_seq1_essential_mRNA_lane_44_S68_L001_R2_001.fastq.gz,KD6_seq1_essential_mRNA_lane_44_S68_L002_R1_001.fastq.gz,KD6_seq1_essential_mRNA_lane_44_S68_L002_R2_001.fastq.gz,KD6_seq1_essential_mRNA_lane_44_S68_L003_R1_001.fastq.gz,KD6_seq1_essential_mRNA_lane_44_S68_L003_R2_001.fastq.gz,KD6_seq1_essential_mRNA_lane_44_S68_L004_R1_001.fastq.gz,KD6_seq1_essential_mRNA_lane_44_S68_L004_R2_001.fastq.gz,KD6_seq1_essential_sgRNA_lane_44_S44_L004_R1_001.fastq.gz,KD6_seq1_essential_sgRNA_lane_44_S44_L004_R2_001.fastq.gz,KD6_seq1_essential_sgRNA_lane_44_S44_L001_R1_001.fastq.gz,KD6_seq1_essential_sgRNA_lane_44_S44_L001_R2_001.fastq.gz,KD6_seq1_essential_sgRNA_lane_44_S44_L002_R1_001.fastq.gz,KD6_seq1_essential_sgRNA_lane_44_S44_L002_R2_001.fastq.gz,KD6_seq1_essential_sgRNA_lane_44_S44_L003_R1_001.fastq.gz,KD6_seq1_essential_sgRNA_lane_44_S44_L003_R2_001.fastq.gz,KD6_44_essential_possorted_genome_bam.bam,KD6_44_essential_possorted_genome_bam.bam.bai,KD6_44_essential_barcodes.tsv.gz,KD6_44_essential_features.tsv.gz,KD6_44_essential_matrix.mtx.gz
KD6_45_essential,45,KD6_seq1_essential_mRNA_lane_45_S93_L001_R1_001.fastq.gz,KD6_seq1_essential_mRNA_lane_45_S93_L001_R2_001.fastq.gz,KD6_seq1_essential_mRNA_lane_45_S93_L003_R1_001.fastq.gz,KD6_seq1_essential_mRNA_lane_45_S93_L003_R2_001.fastq.gz,KD6_seq1_essential_mRNA_lane_45_S93_L002_R1_001.fastq.gz,KD6_seq1_essential_mRNA_lane_45_S93_L002_R2_001.fastq.gz,KD6_seq1_essential_mRNA_lane_45_S93_L004_R1_001.fastq.gz,KD6_seq1_essential_mRNA_lane_45_S93_L004_R2_001.fastq.gz,KD6_seq1_essential_mRNA_lane_45_S69_L002_R1_001.fastq.gz,KD6_seq1_essential_mRNA_lane_45_S69_L002_R2_001.fastq.gz,KD6_seq1_essential_mRNA_lane_45_S69_L003_R1_001.fastq.gz,KD6_seq1_essential_mRNA_lane_45_S69_L003_R2_001.fastq.gz,KD6_seq1_essential_mRNA_lane_45_S69_L001_R1_001.fastq.gz,KD6_seq1_essential_mRNA_lane_45_S69_L001_R2_001.fastq.gz,KD6_seq1_essential_mRNA_lane_45_S69_L004_R1_001.fastq.gz,KD6_seq1_essential_mRNA_lane_45_S69_L004_R2_001.fastq.gz,KD6_seq1_essential_sgRNA_lane_45_S45_L004_R1_001.fastq.gz,KD6_seq1_essential_sgRNA_lane_45_S45_L004_R2_001.fastq.gz,KD6_seq1_essential_sgRNA_lane_45_S45_L002_R1_001.fastq.gz,KD6_seq1_essential_sgRNA_lane_45_S45_L002_R2_001.fastq.gz,KD6_seq1_essential_sgRNA_lane_45_S45_L003_R1_001.fastq.gz,KD6_seq1_essential_sgRNA_lane_45_S45_L003_R2_001.fastq.gz,KD6_seq1_essential_sgRNA_lane_45_S45_L001_R1_001.fastq.gz,KD6_seq1_essential_sgRNA_lane_45_S45_L001_R2_001.fastq.gz,KD6_45_essential_possorted_genome_bam.bam,KD6_45_essential_possorted_genome_bam.bam.bai,KD6_45_essential_barcodes.tsv.gz,KD6_45_essential_features.tsv.gz,KD6_45_essential_matrix.mtx.gz
KD6_46_essential,46,KD6_seq1_essential_mRNA_lane_46_S94_L002_R1_001.fastq.gz,KD6_seq1_essential_mRNA_lane_46_S94_L002_R2_001.fastq.gz,KD6_seq1_essential_mRNA_lane_46_S94_L003_R1_001.fastq.gz,KD6_seq1_essential_mRNA_lane_46_S94_L003_R2_001.fastq.gz,KD6_seq1_essential_mRNA_lane_46_S94_L001_R1_001.fastq.gz,KD6_seq1_essential_mRNA_lane_46_S94_L001_R2_001.fastq.gz,KD6_seq1_essential_mRNA_lane_46_S94_L004_R1_001.fastq.gz,KD6_seq1_essential_mRNA_lane_46_S94_L004_R2_001.fastq.gz,KD6_seq1_essential_mRNA_lane_46_S70_L004_R1_001.fastq.gz,KD6_seq1_essential_mRNA_lane_46_S70_L004_R2_001.fastq.gz,KD6_seq1_essential_mRNA_lane_46_S70_L001_R1_001.fastq.gz,KD6_seq1_essential_mRNA_lane_46_S70_L001_R2_001.fastq.gz,KD6_seq1_essential_mRNA_lane_46_S70_L002_R1_001.fastq.gz,KD6_seq1_essential_mRNA_lane_46_S70_L002_R2_001.fastq.gz,KD6_seq1_essential_mRNA_lane_46_S70_L003_R1_001.fastq.gz,KD6_seq1_essential_mRNA_lane_46_S70_L003_R2_001.fastq.gz,KD6_seq1_essential_sgRNA_lane_46_S46_L001_R1_001.fastq.gz,KD6_seq1_essential_sgRNA_lane_46_S46_L001_R2_001.fastq.gz,KD6_seq1_essential_sgRNA_lane_46_S46_L002_R1_001.fastq.gz,KD6_seq1_essential_sgRNA_lane_46_S46_L002_R2_001.fastq.gz,KD6_seq1_essential_sgRNA_lane_46_S46_L003_R1_001.fastq.gz,KD6_seq1_essential_sgRNA_lane_46_S46_L003_R2_001.fastq.gz,KD6_seq1_essential_sgRNA_lane_46_S46_L004_R1_001.fastq.gz,KD6_seq1_essential_sgRNA_lane_46_S46_L004_R2_001.fastq.gz,KD6_46_essential_possorted_genome_bam.bam,KD6_46_essential_possorted_genome_bam.bam.bai,KD6_46_essential_barcodes.tsv.gz,KD6_46_essential_features.tsv.gz,KD6_46_essential_matrix.mtx.gz
KD6_47_essential,47,KD6_seq1_essential_mRNA_lane_47_S95_L001_R1_001.fastq.gz,KD6_seq1_essential_mRNA_lane_47_S95_L001_R2_001.fastq.gz,KD6_seq1_essential_mRNA_lane_47_S95_L002_R1_001.fastq.gz,KD6_seq1_essential_mRNA_lane_47_S95_L002_R2_001.fastq.gz,KD6_seq1_essential_mRNA_lane_47_S95_L003_R1_001.fastq.gz,KD6_seq1_essential_mRNA_lane_47_S95_L003_R2_001.fastq.gz,KD6_seq1_essential_mRNA_lane_47_S95_L004_R1_001.fastq.gz,KD6_seq1_essential_mRNA_lane_47_S95_L004_R2_001.fastq.gz,KD6_seq1_essential_mRNA_lane_47_S71_L004_R1_001.fastq.gz,KD6_seq1_essential_mRNA_lane_47_S71_L004_R2_001.fastq.gz,KD6_seq1_essential_mRNA_lane_47_S71_L002_R1_001.fastq.gz,KD6_seq1_essential_mRNA_lane_47_S71_L002_R2_001.fastq.gz,KD6_seq1_essential_mRNA_lane_47_S71_L003_R1_001.fastq.gz,KD6_seq1_essential_mRNA_lane_47_S71_L003_R2_001.fastq.gz,KD6_seq1_essential_mRNA_lane_47_S71_L001_R1_001.fastq.gz,KD6_seq1_essential_mRNA_lane_47_S71_L001_R2_001.fastq.gz,KD6_seq1_essential_sgRNA_lane_47_S47_L002_R1_001.fastq.gz,KD6_seq1_essential_sgRNA_lane_47_S47_L002_R2_001.fastq.gz,KD6_seq1_essential_sgRNA_lane_47_S47_L003_R1_001.fastq.gz,KD6_seq1_essential_sgRNA_lane_47_S47_L003_R2_001.fastq.gz,KD6_seq1_essential_sgRNA_lane_47_S47_L001_R1_001.fastq.gz,KD6_seq1_essential_sgRNA_lane_47_S47_L001_R2_001.fastq.gz,KD6_seq1_essential_sgRNA_lane_47_S47_L004_R1_001.fastq.gz,KD6_seq1_essential_sgRNA_lane_47_S47_L004_R2_001.fastq.gz,KD6_47_essential_possorted_genome_bam.bam,KD6_47_essential_possorted_genome_bam.bam.bai,KD6_47_essential_barcodes.tsv.gz,KD6_47_essential_features.tsv.gz,KD6_47_essential_matrix.mtx.gz
KD6_48_essential,48,KD6_seq1_essential_mRNA_lane_48_S96_L004_R1_001.fastq.gz,KD6_seq1_essential_mRNA_lane_48_S96_L004_R2_001.fastq.gz,KD6_seq1_essential_mRNA_lane_48_S96_L001_R1_001.fastq.gz,KD6_seq1_essential_mRNA_lane_48_S96_L001_R2_001.fastq.gz,KD6_seq1_essential_mRNA_lane_48_S96_L002_R1_001.fastq.gz,KD6_seq1_essential_mRNA_lane_48_S96_L002_R2_001.fastq.gz,KD6_seq1_essential_mRNA_lane_48_S96_L003_R1_001.fastq.gz,KD6_seq1_essential_mRNA_lane_48_S96_L003_R2_001.fastq.gz,KD6_seq1_essential_mRNA_lane_48_S72_L002_R1_001.fastq.gz,KD6_seq1_essential_mRNA_lane_48_S72_L002_R2_001.fastq.gz,KD6_seq1_essential_mRNA_lane_48_S72_L003_R1_001.fastq.gz,KD6_seq1_essential_mRNA_lane_48_S72_L003_R2_001.fastq.gz,KD6_seq1_essential_mRNA_lane_48_S72_L001_R1_001.fastq.gz,KD6_seq1_essential_mRNA_lane_48_S72_L001_R2_001.fastq.gz,KD6_seq1_essential_mRNA_lane_48_S72_L004_R1_001.fastq.gz,KD6_seq1_essential_mRNA_lane_48_S72_L004_R2_001.fastq.gz,KD6_seq1_essential_sgRNA_lane_48_S48_L004_R1_001.fastq.gz,KD6_seq1_essential_sgRNA_lane_48_S48_L004_R2_001.fastq.gz,KD6_seq1_essential_sgRNA_lane_48_S48_L001_R1_001.fastq.gz,KD6_seq1_essential_sgRNA_lane_48_S48_L001_R2_001.fastq.gz,KD6_seq1_essential_sgRNA_lane_48_S48_L003_R1_001.fastq.gz,KD6_seq1_essential_sgRNA_lane_48_S48_L003_R2_001.fastq.gz,KD6_seq1_essential_sgRNA_lane_48_S48_L002_R1_001.fastq.gz,KD6_seq1_essential_sgRNA_lane_48_S48_L002_R2_001.fastq.gz,KD6_48_essential_possorted_genome_bam.bam,KD6_48_essential_possorted_genome_bam.bam.bai,KD6_48_essential_barcodes.tsv.gz,KD6_48_essential_features.tsv.gz,KD6_48_essential_matrix.mtx.gz