library,gemgroup,0,1,bam,bam_index,barcodes,features,matrix
KD8_ultima_p1_0,1,KD8_ultima_p1_0_S1_L001_R1_001.fastq.gz,KD8_ultima_p1_0_S1_L001_R2_001.fastq.gz,KD8_ultima_p1_0_possorted_genome_bam.bam,KD8_ultima_p1_0_possorted_genome_bam.bam.bai,KD8_ultima_p1_0_barcodes.tsv.gz,KD8_ultima_p1_0_features.tsv.gz,KD8_ultima_p1_0_matrix.mtx.gz
KD8_ultima_p1_1,12,KD8_ultima_p1_1_S1_L001_R1_001.fastq.gz,KD8_ultima_p1_1_S1_L001_R2_001.fastq.gz,KD8_ultima_p1_1_possorted_genome_bam.bam,KD8_ultima_p1_1_possorted_genome_bam.bam.bai,KD8_ultima_p1_1_barcodes.tsv.gz,KD8_ultima_p1_1_features.tsv.gz,KD8_ultima_p1_1_matrix.mtx.gz
KD8_ultima_p1_2,22,KD8_ultima_p1_2_S1_L001_R1_001.fastq.gz,KD8_ultima_p1_2_S1_L001_R2_001.fastq.gz,KD8_ultima_p1_2_possorted_genome_bam.bam,KD8_ultima_p1_2_possorted_genome_bam.bam.bai,KD8_ultima_p1_2_barcodes.tsv.gz,KD8_ultima_p1_2_features.tsv.gz,KD8_ultima_p1_2_matrix.mtx.gz
KD8_ultima_p1_3,33,KD8_ultima_p1_3_S1_L001_R1_001.fastq.gz,KD8_ultima_p1_3_S1_L001_R2_001.fastq.gz,KD8_ultima_p1_3_possorted_genome_bam.bam,KD8_ultima_p1_3_possorted_genome_bam.bam.bai,KD8_ultima_p1_3_barcodes.tsv.gz,KD8_ultima_p1_3_features.tsv.gz,KD8_ultima_p1_3_matrix.mtx.gz
KD8_ultima_p1_4,43,KD8_ultima_p1_4_S1_L001_R1_001.fastq.gz,KD8_ultima_p1_4_S1_L001_R2_001.fastq.gz,KD8_ultima_p1_4_possorted_genome_bam.bam,KD8_ultima_p1_4_possorted_genome_bam.bam.bai,KD8_ultima_p1_4_barcodes.tsv.gz,KD8_ultima_p1_4_features.tsv.gz,KD8_ultima_p1_4_matrix.mtx.gz
KD8_ultima_p1_5,54,KD8_ultima_p1_5_S1_L001_R1_001.fastq.gz,KD8_ultima_p1_5_S1_L001_R2_001.fastq.gz,KD8_ultima_p1_5_possorted_genome_bam.bam,KD8_ultima_p1_5_possorted_genome_bam.bam.bai,KD8_ultima_p1_5_barcodes.tsv.gz,KD8_ultima_p1_5_features.tsv.gz,KD8_ultima_p1_5_matrix.mtx.gz
KD8_ultima_p1_6,64,KD8_ultima_p1_6_S1_L001_R1_001.fastq.gz,KD8_ultima_p1_6_S1_L001_R2_001.fastq.gz,KD8_ultima_p1_6_possorted_genome_bam.bam,KD8_ultima_p1_6_possorted_genome_bam.bam.bai,KD8_ultima_p1_6_barcodes.tsv.gz,KD8_ultima_p1_6_features.tsv.gz,KD8_ultima_p1_6_matrix.mtx.gz
KD8_ultima_p1_7,75,KD8_ultima_p1_7_S1_L001_R1_001.fastq.gz,KD8_ultima_p1_7_S1_L001_R2_001.fastq.gz,KD8_ultima_p1_7_possorted_genome_bam.bam,KD8_ultima_p1_7_possorted_genome_bam.bam.bai,KD8_ultima_p1_7_barcodes.tsv.gz,KD8_ultima_p1_7_features.tsv.gz,KD8_ultima_p1_7_matrix.mtx.gz
KD8_ultima_p1_8,85,KD8_ultima_p1_8_S1_L001_R1_001.fastq.gz,KD8_ultima_p1_8_S1_L001_R2_001.fastq.gz,KD8_ultima_p1_8_possorted_genome_bam.bam,KD8_ultima_p1_8_possorted_genome_bam.bam.bai,KD8_ultima_p1_8_barcodes.tsv.gz,KD8_ultima_p1_8_features.tsv.gz,KD8_ultima_p1_8_matrix.mtx.gz
KD8_ultima_p1_9,91,KD8_ultima_p1_9_S1_L001_R1_001.fastq.gz,KD8_ultima_p1_9_S1_L001_R2_001.fastq.gz,KD8_ultima_p1_9_possorted_genome_bam.bam,KD8_ultima_p1_9_possorted_genome_bam.bam.bai,KD8_ultima_p1_9_barcodes.tsv.gz,KD8_ultima_p1_9_features.tsv.gz,KD8_ultima_p1_9_matrix.mtx.gz
KD8_ultima_p1_10,2,KD8_ultima_p1_10_S1_L001_R1_001.fastq.gz,KD8_ultima_p1_10_S1_L001_R2_001.fastq.gz,KD8_ultima_p1_10_possorted_genome_bam.bam,KD8_ultima_p1_10_possorted_genome_bam.bam.bai,KD8_ultima_p1_10_barcodes.tsv.gz,KD8_ultima_p1_10_features.tsv.gz,KD8_ultima_p1_10_matrix.mtx.gz
KD8_ultima_p1_11,3,KD8_ultima_p1_11_S1_L001_R1_001.fastq.gz,KD8_ultima_p1_11_S1_L001_R2_001.fastq.gz,KD8_ultima_p1_11_possorted_genome_bam.bam,KD8_ultima_p1_11_possorted_genome_bam.bam.bai,KD8_ultima_p1_11_barcodes.tsv.gz,KD8_ultima_p1_11_features.tsv.gz,KD8_ultima_p1_11_matrix.mtx.gz
KD8_ultima_p1_12,4,KD8_ultima_p1_12_S1_L001_R1_001.fastq.gz,KD8_ultima_p1_12_S1_L001_R2_001.fastq.gz,KD8_ultima_p1_12_possorted_genome_bam.bam,KD8_ultima_p1_12_possorted_genome_bam.bam.bai,KD8_ultima_p1_12_barcodes.tsv.gz,KD8_ultima_p1_12_features.tsv.gz,KD8_ultima_p1_12_matrix.mtx.gz
KD8_ultima_p1_13,5,KD8_ultima_p1_13_S1_L001_R1_001.fastq.gz,KD8_ultima_p1_13_S1_L001_R2_001.fastq.gz,KD8_ultima_p1_13_possorted_genome_bam.bam,KD8_ultima_p1_13_possorted_genome_bam.bam.bai,KD8_ultima_p1_13_barcodes.tsv.gz,KD8_ultima_p1_13_features.tsv.gz,KD8_ultima_p1_13_matrix.mtx.gz
KD8_ultima_p1_14,6,KD8_ultima_p1_14_S1_L001_R1_001.fastq.gz,KD8_ultima_p1_14_S1_L001_R2_001.fastq.gz,KD8_ultima_p1_14_possorted_genome_bam.bam,KD8_ultima_p1_14_possorted_genome_bam.bam.bai,KD8_ultima_p1_14_barcodes.tsv.gz,KD8_ultima_p1_14_features.tsv.gz,KD8_ultima_p1_14_matrix.mtx.gz
KD8_ultima_p1_15,7,KD8_ultima_p1_15_S1_L001_R1_001.fastq.gz,KD8_ultima_p1_15_S1_L001_R2_001.fastq.gz,KD8_ultima_p1_15_possorted_genome_bam.bam,KD8_ultima_p1_15_possorted_genome_bam.bam.bai,KD8_ultima_p1_15_barcodes.tsv.gz,KD8_ultima_p1_15_features.tsv.gz,KD8_ultima_p1_15_matrix.mtx.gz
KD8_ultima_p1_16,8,KD8_ultima_p1_16_S1_L001_R1_001.fastq.gz,KD8_ultima_p1_16_S1_L001_R2_001.fastq.gz,KD8_ultima_p1_16_possorted_genome_bam.bam,KD8_ultima_p1_16_possorted_genome_bam.bam.bai,KD8_ultima_p1_16_barcodes.tsv.gz,KD8_ultima_p1_16_features.tsv.gz,KD8_ultima_p1_16_matrix.mtx.gz
KD8_ultima_p1_17,9,KD8_ultima_p1_17_S1_L001_R1_001.fastq.gz,KD8_ultima_p1_17_S1_L001_R2_001.fastq.gz,KD8_ultima_p1_17_possorted_genome_bam.bam,KD8_ultima_p1_17_possorted_genome_bam.bam.bai,KD8_ultima_p1_17_barcodes.tsv.gz,KD8_ultima_p1_17_features.tsv.gz,KD8_ultima_p1_17_matrix.mtx.gz
KD8_ultima_p1_18,10,KD8_ultima_p1_18_S1_L001_R1_001.fastq.gz,KD8_ultima_p1_18_S1_L001_R2_001.fastq.gz,KD8_ultima_p1_18_possorted_genome_bam.bam,KD8_ultima_p1_18_possorted_genome_bam.bam.bai,KD8_ultima_p1_18_barcodes.tsv.gz,KD8_ultima_p1_18_features.tsv.gz,KD8_ultima_p1_18_matrix.mtx.gz
KD8_ultima_p1_19,11,KD8_ultima_p1_19_S1_L001_R1_001.fastq.gz,KD8_ultima_p1_19_S1_L001_R2_001.fastq.gz,KD8_ultima_p1_19_possorted_genome_bam.bam,KD8_ultima_p1_19_possorted_genome_bam.bam.bai,KD8_ultima_p1_19_barcodes.tsv.gz,KD8_ultima_p1_19_features.tsv.gz,KD8_ultima_p1_19_matrix.mtx.gz
KD8_ultima_p1_20,13,KD8_ultima_p1_20_S1_L001_R1_001.fastq.gz,KD8_ultima_p1_20_S1_L001_R2_001.fastq.gz,KD8_ultima_p1_20_possorted_genome_bam.bam,KD8_ultima_p1_20_possorted_genome_bam.bam.bai,KD8_ultima_p1_20_barcodes.tsv.gz,KD8_ultima_p1_20_features.tsv.gz,KD8_ultima_p1_20_matrix.mtx.gz
KD8_ultima_p1_21,14,KD8_ultima_p1_21_S1_L001_R1_001.fastq.gz,KD8_ultima_p1_21_S1_L001_R2_001.fastq.gz,KD8_ultima_p1_21_possorted_genome_bam.bam,KD8_ultima_p1_21_possorted_genome_bam.bam.bai,KD8_ultima_p1_21_barcodes.tsv.gz,KD8_ultima_p1_21_features.tsv.gz,KD8_ultima_p1_21_matrix.mtx.gz
KD8_ultima_p1_22,15,KD8_ultima_p1_22_S1_L001_R1_001.fastq.gz,KD8_ultima_p1_22_S1_L001_R2_001.fastq.gz,KD8_ultima_p1_22_possorted_genome_bam.bam,KD8_ultima_p1_22_possorted_genome_bam.bam.bai,KD8_ultima_p1_22_barcodes.tsv.gz,KD8_ultima_p1_22_features.tsv.gz,KD8_ultima_p1_22_matrix.mtx.gz
KD8_ultima_p1_23,16,KD8_ultima_p1_23_S1_L001_R1_001.fastq.gz,KD8_ultima_p1_23_S1_L001_R2_001.fastq.gz,KD8_ultima_p1_23_possorted_genome_bam.bam,KD8_ultima_p1_23_possorted_genome_bam.bam.bai,KD8_ultima_p1_23_barcodes.tsv.gz,KD8_ultima_p1_23_features.tsv.gz,KD8_ultima_p1_23_matrix.mtx.gz
KD8_ultima_p1_24,17,KD8_ultima_p1_24_S1_L001_R1_001.fastq.gz,KD8_ultima_p1_24_S1_L001_R2_001.fastq.gz,KD8_ultima_p1_24_possorted_genome_bam.bam,KD8_ultima_p1_24_possorted_genome_bam.bam.bai,KD8_ultima_p1_24_barcodes.tsv.gz,KD8_ultima_p1_24_features.tsv.gz,KD8_ultima_p1_24_matrix.mtx.gz
KD8_ultima_p1_25,18,KD8_ultima_p1_25_S1_L001_R1_001.fastq.gz,KD8_ultima_p1_25_S1_L001_R2_001.fastq.gz,KD8_ultima_p1_25_possorted_genome_bam.bam,KD8_ultima_p1_25_possorted_genome_bam.bam.bai,KD8_ultima_p1_25_barcodes.tsv.gz,KD8_ultima_p1_25_features.tsv.gz,KD8_ultima_p1_25_matrix.mtx.gz
KD8_ultima_p1_26,19,KD8_ultima_p1_26_S1_L001_R1_001.fastq.gz,KD8_ultima_p1_26_S1_L001_R2_001.fastq.gz,KD8_ultima_p1_26_possorted_genome_bam.bam,KD8_ultima_p1_26_possorted_genome_bam.bam.bai,KD8_ultima_p1_26_barcodes.tsv.gz,KD8_ultima_p1_26_features.tsv.gz,KD8_ultima_p1_26_matrix.mtx.gz
KD8_ultima_p1_27,20,KD8_ultima_p1_27_S1_L001_R1_001.fastq.gz,KD8_ultima_p1_27_S1_L001_R2_001.fastq.gz,KD8_ultima_p1_27_possorted_genome_bam.bam,KD8_ultima_p1_27_possorted_genome_bam.bam.bai,KD8_ultima_p1_27_barcodes.tsv.gz,KD8_ultima_p1_27_features.tsv.gz,KD8_ultima_p1_27_matrix.mtx.gz
KD8_ultima_p1_29,21,KD8_ultima_p1_29_S1_L001_R1_001.fastq.gz,KD8_ultima_p1_29_S1_L001_R2_001.fastq.gz,KD8_ultima_p1_29_possorted_genome_bam.bam,KD8_ultima_p1_29_possorted_genome_bam.bam.bai,KD8_ultima_p1_29_barcodes.tsv.gz,KD8_ultima_p1_29_features.tsv.gz,KD8_ultima_p1_29_matrix.mtx.gz
KD8_ultima_p1_30,23,KD8_ultima_p1_30_S1_L001_R1_001.fastq.gz,KD8_ultima_p1_30_S1_L001_R2_001.fastq.gz,KD8_ultima_p1_30_possorted_genome_bam.bam,KD8_ultima_p1_30_possorted_genome_bam.bam.bai,KD8_ultima_p1_30_barcodes.tsv.gz,KD8_ultima_p1_30_features.tsv.gz,KD8_ultima_p1_30_matrix.mtx.gz
KD8_ultima_p1_31,24,KD8_ultima_p1_31_S1_L001_R1_001.fastq.gz,KD8_ultima_p1_31_S1_L001_R2_001.fastq.gz,KD8_ultima_p1_31_possorted_genome_bam.bam,KD8_ultima_p1_31_possorted_genome_bam.bam.bai,KD8_ultima_p1_31_barcodes.tsv.gz,KD8_ultima_p1_31_features.tsv.gz,KD8_ultima_p1_31_matrix.mtx.gz
KD8_ultima_p1_32,25,KD8_ultima_p1_32_S1_L001_R1_001.fastq.gz,KD8_ultima_p1_32_S1_L001_R2_001.fastq.gz,KD8_ultima_p1_32_possorted_genome_bam.bam,KD8_ultima_p1_32_possorted_genome_bam.bam.bai,KD8_ultima_p1_32_barcodes.tsv.gz,KD8_ultima_p1_32_features.tsv.gz,KD8_ultima_p1_32_matrix.mtx.gz
KD8_ultima_p1_33,26,KD8_ultima_p1_33_S1_L001_R1_001.fastq.gz,KD8_ultima_p1_33_S1_L001_R2_001.fastq.gz,KD8_ultima_p1_33_possorted_genome_bam.bam,KD8_ultima_p1_33_possorted_genome_bam.bam.bai,KD8_ultima_p1_33_barcodes.tsv.gz,KD8_ultima_p1_33_features.tsv.gz,KD8_ultima_p1_33_matrix.mtx.gz
KD8_ultima_p1_34,27,KD8_ultima_p1_34_S1_L001_R1_001.fastq.gz,KD8_ultima_p1_34_S1_L001_R2_001.fastq.gz,KD8_ultima_p1_34_possorted_genome_bam.bam,KD8_ultima_p1_34_possorted_genome_bam.bam.bai,KD8_ultima_p1_34_barcodes.tsv.gz,KD8_ultima_p1_34_features.tsv.gz,KD8_ultima_p1_34_matrix.mtx.gz
KD8_ultima_p1_35,28,KD8_ultima_p1_35_S1_L001_R1_001.fastq.gz,KD8_ultima_p1_35_S1_L001_R2_001.fastq.gz,KD8_ultima_p1_35_possorted_genome_bam.bam,KD8_ultima_p1_35_possorted_genome_bam.bam.bai,KD8_ultima_p1_35_barcodes.tsv.gz,KD8_ultima_p1_35_features.tsv.gz,KD8_ultima_p1_35_matrix.mtx.gz
KD8_ultima_p1_36,29,KD8_ultima_p1_36_S1_L001_R1_001.fastq.gz,KD8_ultima_p1_36_S1_L001_R2_001.fastq.gz,KD8_ultima_p1_36_possorted_genome_bam.bam,KD8_ultima_p1_36_possorted_genome_bam.bam.bai,KD8_ultima_p1_36_barcodes.tsv.gz,KD8_ultima_p1_36_features.tsv.gz,KD8_ultima_p1_36_matrix.mtx.gz
KD8_ultima_p1_37,30,KD8_ultima_p1_37_S1_L001_R1_001.fastq.gz,KD8_ultima_p1_37_S1_L001_R2_001.fastq.gz,KD8_ultima_p1_37_possorted_genome_bam.bam,KD8_ultima_p1_37_possorted_genome_bam.bam.bai,KD8_ultima_p1_37_barcodes.tsv.gz,KD8_ultima_p1_37_features.tsv.gz,KD8_ultima_p1_37_matrix.mtx.gz
KD8_ultima_p1_38,31,KD8_ultima_p1_38_S1_L001_R1_001.fastq.gz,KD8_ultima_p1_38_S1_L001_R2_001.fastq.gz,KD8_ultima_p1_38_possorted_genome_bam.bam,KD8_ultima_p1_38_possorted_genome_bam.bam.bai,KD8_ultima_p1_38_barcodes.tsv.gz,KD8_ultima_p1_38_features.tsv.gz,KD8_ultima_p1_38_matrix.mtx.gz
KD8_ultima_p1_39,32,KD8_ultima_p1_39_S1_L001_R1_001.fastq.gz,KD8_ultima_p1_39_S1_L001_R2_001.fastq.gz,KD8_ultima_p1_39_possorted_genome_bam.bam,KD8_ultima_p1_39_possorted_genome_bam.bam.bai,KD8_ultima_p1_39_barcodes.tsv.gz,KD8_ultima_p1_39_features.tsv.gz,KD8_ultima_p1_39_matrix.mtx.gz
KD8_ultima_p1_40,34,KD8_ultima_p1_40_S1_L001_R1_001.fastq.gz,KD8_ultima_p1_40_S1_L001_R2_001.fastq.gz,KD8_ultima_p1_40_possorted_genome_bam.bam,KD8_ultima_p1_40_possorted_genome_bam.bam.bai,KD8_ultima_p1_40_barcodes.tsv.gz,KD8_ultima_p1_40_features.tsv.gz,KD8_ultima_p1_40_matrix.mtx.gz
KD8_ultima_p1_41,35,KD8_ultima_p1_41_S1_L001_R1_001.fastq.gz,KD8_ultima_p1_41_S1_L001_R2_001.fastq.gz,KD8_ultima_p1_41_possorted_genome_bam.bam,KD8_ultima_p1_41_possorted_genome_bam.bam.bai,KD8_ultima_p1_41_barcodes.tsv.gz,KD8_ultima_p1_41_features.tsv.gz,KD8_ultima_p1_41_matrix.mtx.gz
KD8_ultima_p1_42,36,KD8_ultima_p1_42_S1_L001_R1_001.fastq.gz,KD8_ultima_p1_42_S1_L001_R2_001.fastq.gz,KD8_ultima_p1_42_possorted_genome_bam.bam,KD8_ultima_p1_42_possorted_genome_bam.bam.bai,KD8_ultima_p1_42_barcodes.tsv.gz,KD8_ultima_p1_42_features.tsv.gz,KD8_ultima_p1_42_matrix.mtx.gz
KD8_ultima_p1_44,37,KD8_ultima_p1_44_S1_L001_R1_001.fastq.gz,KD8_ultima_p1_44_S1_L001_R2_001.fastq.gz,KD8_ultima_p1_44_possorted_genome_bam.bam,KD8_ultima_p1_44_possorted_genome_bam.bam.bai,KD8_ultima_p1_44_barcodes.tsv.gz,KD8_ultima_p1_44_features.tsv.gz,KD8_ultima_p1_44_matrix.mtx.gz
KD8_ultima_p1_45,38,KD8_ultima_p1_45_S1_L001_R1_001.fastq.gz,KD8_ultima_p1_45_S1_L001_R2_001.fastq.gz,KD8_ultima_p1_45_possorted_genome_bam.bam,KD8_ultima_p1_45_possorted_genome_bam.bam.bai,KD8_ultima_p1_45_barcodes.tsv.gz,KD8_ultima_p1_45_features.tsv.gz,KD8_ultima_p1_45_matrix.mtx.gz
KD8_ultima_p1_46,39,KD8_ultima_p1_46_S1_L001_R1_001.fastq.gz,KD8_ultima_p1_46_S1_L001_R2_001.fastq.gz,KD8_ultima_p1_46_possorted_genome_bam.bam,KD8_ultima_p1_46_possorted_genome_bam.bam.bai,KD8_ultima_p1_46_barcodes.tsv.gz,KD8_ultima_p1_46_features.tsv.gz,KD8_ultima_p1_46_matrix.mtx.gz
KD8_ultima_p1_47,40,KD8_ultima_p1_47_S1_L001_R1_001.fastq.gz,KD8_ultima_p1_47_S1_L001_R2_001.fastq.gz,KD8_ultima_p1_47_possorted_genome_bam.bam,KD8_ultima_p1_47_possorted_genome_bam.bam.bai,KD8_ultima_p1_47_barcodes.tsv.gz,KD8_ultima_p1_47_features.tsv.gz,KD8_ultima_p1_47_matrix.mtx.gz
KD8_ultima_p1_48,41,KD8_ultima_p1_48_S1_L001_R1_001.fastq.gz,KD8_ultima_p1_48_S1_L001_R2_001.fastq.gz,KD8_ultima_p1_48_possorted_genome_bam.bam,KD8_ultima_p1_48_possorted_genome_bam.bam.bai,KD8_ultima_p1_48_barcodes.tsv.gz,KD8_ultima_p1_48_features.tsv.gz,KD8_ultima_p1_48_matrix.mtx.gz
KD8_ultima_p1_49,42,KD8_ultima_p1_49_S1_L001_R1_001.fastq.gz,KD8_ultima_p1_49_S1_L001_R2_001.fastq.gz,KD8_ultima_p1_49_possorted_genome_bam.bam,KD8_ultima_p1_49_possorted_genome_bam.bam.bai,KD8_ultima_p1_49_barcodes.tsv.gz,KD8_ultima_p1_49_features.tsv.gz,KD8_ultima_p1_49_matrix.mtx.gz
KD8_ultima_p1_50,44,KD8_ultima_p1_50_S1_L001_R1_001.fastq.gz,KD8_ultima_p1_50_S1_L001_R2_001.fastq.gz,KD8_ultima_p1_50_possorted_genome_bam.bam,KD8_ultima_p1_50_possorted_genome_bam.bam.bai,KD8_ultima_p1_50_barcodes.tsv.gz,KD8_ultima_p1_50_features.tsv.gz,KD8_ultima_p1_50_matrix.mtx.gz
KD8_ultima_p1_51,45,KD8_ultima_p1_51_S1_L001_R1_001.fastq.gz,KD8_ultima_p1_51_S1_L001_R2_001.fastq.gz,KD8_ultima_p1_51_possorted_genome_bam.bam,KD8_ultima_p1_51_possorted_genome_bam.bam.bai,KD8_ultima_p1_51_barcodes.tsv.gz,KD8_ultima_p1_51_features.tsv.gz,KD8_ultima_p1_51_matrix.mtx.gz
KD8_ultima_p1_52,46,KD8_ultima_p1_52_S1_L001_R1_001.fastq.gz,KD8_ultima_p1_52_S1_L001_R2_001.fastq.gz,KD8_ultima_p1_52_possorted_genome_bam.bam,KD8_ultima_p1_52_possorted_genome_bam.bam.bai,KD8_ultima_p1_52_barcodes.tsv.gz,KD8_ultima_p1_52_features.tsv.gz,KD8_ultima_p1_52_matrix.mtx.gz
KD8_ultima_p1_53,47,KD8_ultima_p1_53_S1_L001_R1_001.fastq.gz,KD8_ultima_p1_53_S1_L001_R2_001.fastq.gz,KD8_ultima_p1_53_possorted_genome_bam.bam,KD8_ultima_p1_53_possorted_genome_bam.bam.bai,KD8_ultima_p1_53_barcodes.tsv.gz,KD8_ultima_p1_53_features.tsv.gz,KD8_ultima_p1_53_matrix.mtx.gz
KD8_ultima_p1_54,48,KD8_ultima_p1_54_S1_L001_R1_001.fastq.gz,KD8_ultima_p1_54_S1_L001_R2_001.fastq.gz,KD8_ultima_p1_54_possorted_genome_bam.bam,KD8_ultima_p1_54_possorted_genome_bam.bam.bai,KD8_ultima_p1_54_barcodes.tsv.gz,KD8_ultima_p1_54_features.tsv.gz,KD8_ultima_p1_54_matrix.mtx.gz
KD8_ultima_p1_55,49,KD8_ultima_p1_55_S1_L001_R1_001.fastq.gz,KD8_ultima_p1_55_S1_L001_R2_001.fastq.gz,KD8_ultima_p1_55_possorted_genome_bam.bam,KD8_ultima_p1_55_possorted_genome_bam.bam.bai,KD8_ultima_p1_55_barcodes.tsv.gz,KD8_ultima_p1_55_features.tsv.gz,KD8_ultima_p1_55_matrix.mtx.gz
KD8_ultima_p1_56,50,KD8_ultima_p1_56_S1_L001_R1_001.fastq.gz,KD8_ultima_p1_56_S1_L001_R2_001.fastq.gz,KD8_ultima_p1_56_possorted_genome_bam.bam,KD8_ultima_p1_56_possorted_genome_bam.bam.bai,KD8_ultima_p1_56_barcodes.tsv.gz,KD8_ultima_p1_56_features.tsv.gz,KD8_ultima_p1_56_matrix.mtx.gz
KD8_ultima_p1_57,51,KD8_ultima_p1_57_S1_L001_R1_001.fastq.gz,KD8_ultima_p1_57_S1_L001_R2_001.fastq.gz,KD8_ultima_p1_57_possorted_genome_bam.bam,KD8_ultima_p1_57_possorted_genome_bam.bam.bai,KD8_ultima_p1_57_barcodes.tsv.gz,KD8_ultima_p1_57_features.tsv.gz,KD8_ultima_p1_57_matrix.mtx.gz
KD8_ultima_p1_58,52,KD8_ultima_p1_58_S1_L001_R1_001.fastq.gz,KD8_ultima_p1_58_S1_L001_R2_001.fastq.gz,KD8_ultima_p1_58_possorted_genome_bam.bam,KD8_ultima_p1_58_possorted_genome_bam.bam.bai,KD8_ultima_p1_58_barcodes.tsv.gz,KD8_ultima_p1_58_features.tsv.gz,KD8_ultima_p1_58_matrix.mtx.gz
KD8_ultima_p1_59,53,KD8_ultima_p1_59_S1_L001_R1_001.fastq.gz,KD8_ultima_p1_59_S1_L001_R2_001.fastq.gz,KD8_ultima_p1_59_possorted_genome_bam.bam,KD8_ultima_p1_59_possorted_genome_bam.bam.bai,KD8_ultima_p1_59_barcodes.tsv.gz,KD8_ultima_p1_59_features.tsv.gz,KD8_ultima_p1_59_matrix.mtx.gz
KD8_ultima_p1_60,55,KD8_ultima_p1_60_S1_L001_R1_001.fastq.gz,KD8_ultima_p1_60_S1_L001_R2_001.fastq.gz,KD8_ultima_p1_60_possorted_genome_bam.bam,KD8_ultima_p1_60_possorted_genome_bam.bam.bai,KD8_ultima_p1_60_barcodes.tsv.gz,KD8_ultima_p1_60_features.tsv.gz,KD8_ultima_p1_60_matrix.mtx.gz
KD8_ultima_p1_61,56,KD8_ultima_p1_61_S1_L001_R1_001.fastq.gz,KD8_ultima_p1_61_S1_L001_R2_001.fastq.gz,KD8_ultima_p1_61_possorted_genome_bam.bam,KD8_ultima_p1_61_possorted_genome_bam.bam.bai,KD8_ultima_p1_61_barcodes.tsv.gz,KD8_ultima_p1_61_features.tsv.gz,KD8_ultima_p1_61_matrix.mtx.gz
KD8_ultima_p1_62,57,KD8_ultima_p1_62_S1_L001_R1_001.fastq.gz,KD8_ultima_p1_62_S1_L001_R2_001.fastq.gz,KD8_ultima_p1_62_possorted_genome_bam.bam,KD8_ultima_p1_62_possorted_genome_bam.bam.bai,KD8_ultima_p1_62_barcodes.tsv.gz,KD8_ultima_p1_62_features.tsv.gz,KD8_ultima_p1_62_matrix.mtx.gz
KD8_ultima_p1_63,58,KD8_ultima_p1_63_S1_L001_R1_001.fastq.gz,KD8_ultima_p1_63_S1_L001_R2_001.fastq.gz,KD8_ultima_p1_63_possorted_genome_bam.bam,KD8_ultima_p1_63_possorted_genome_bam.bam.bai,KD8_ultima_p1_63_barcodes.tsv.gz,KD8_ultima_p1_63_features.tsv.gz,KD8_ultima_p1_63_matrix.mtx.gz
KD8_ultima_p1_64,59,KD8_ultima_p1_64_S1_L001_R1_001.fastq.gz,KD8_ultima_p1_64_S1_L001_R2_001.fastq.gz,KD8_ultima_p1_64_possorted_genome_bam.bam,KD8_ultima_p1_64_possorted_genome_bam.bam.bai,KD8_ultima_p1_64_barcodes.tsv.gz,KD8_ultima_p1_64_features.tsv.gz,KD8_ultima_p1_64_matrix.mtx.gz
KD8_ultima_p1_66,60,KD8_ultima_p1_66_S1_L001_R1_001.fastq.gz,KD8_ultima_p1_66_S1_L001_R2_001.fastq.gz,KD8_ultima_p1_66_possorted_genome_bam.bam,KD8_ultima_p1_66_possorted_genome_bam.bam.bai,KD8_ultima_p1_66_barcodes.tsv.gz,KD8_ultima_p1_66_features.tsv.gz,KD8_ultima_p1_66_matrix.mtx.gz
KD8_ultima_p1_67,61,KD8_ultima_p1_67_S1_L001_R1_001.fastq.gz,KD8_ultima_p1_67_S1_L001_R2_001.fastq.gz,KD8_ultima_p1_67_possorted_genome_bam.bam,KD8_ultima_p1_67_possorted_genome_bam.bam.bai,KD8_ultima_p1_67_barcodes.tsv.gz,KD8_ultima_p1_67_features.tsv.gz,KD8_ultima_p1_67_matrix.mtx.gz
KD8_ultima_p1_68,62,KD8_ultima_p1_68_S1_L001_R1_001.fastq.gz,KD8_ultima_p1_68_S1_L001_R2_001.fastq.gz,KD8_ultima_p1_68_possorted_genome_bam.bam,KD8_ultima_p1_68_possorted_genome_bam.bam.bai,KD8_ultima_p1_68_barcodes.tsv.gz,KD8_ultima_p1_68_features.tsv.gz,KD8_ultima_p1_68_matrix.mtx.gz
KD8_ultima_p1_69,63,KD8_ultima_p1_69_S1_L001_R1_001.fastq.gz,KD8_ultima_p1_69_S1_L001_R2_001.fastq.gz,KD8_ultima_p1_69_possorted_genome_bam.bam,KD8_ultima_p1_69_possorted_genome_bam.bam.bai,KD8_ultima_p1_69_barcodes.tsv.gz,KD8_ultima_p1_69_features.tsv.gz,KD8_ultima_p1_69_matrix.mtx.gz
KD8_ultima_p1_70,65,KD8_ultima_p1_70_S1_L001_R1_001.fastq.gz,KD8_ultima_p1_70_S1_L001_R2_001.fastq.gz,KD8_ultima_p1_70_possorted_genome_bam.bam,KD8_ultima_p1_70_possorted_genome_bam.bam.bai,KD8_ultima_p1_70_barcodes.tsv.gz,KD8_ultima_p1_70_features.tsv.gz,KD8_ultima_p1_70_matrix.mtx.gz
KD8_ultima_p1_71,66,KD8_ultima_p1_71_S1_L001_R1_001.fastq.gz,KD8_ultima_p1_71_S1_L001_R2_001.fastq.gz,KD8_ultima_p1_71_possorted_genome_bam.bam,KD8_ultima_p1_71_possorted_genome_bam.bam.bai,KD8_ultima_p1_71_barcodes.tsv.gz,KD8_ultima_p1_71_features.tsv.gz,KD8_ultima_p1_71_matrix.mtx.gz
KD8_ultima_p1_72,67,KD8_ultima_p1_72_S1_L001_R1_001.fastq.gz,KD8_ultima_p1_72_S1_L001_R2_001.fastq.gz,KD8_ultima_p1_72_possorted_genome_bam.bam,KD8_ultima_p1_72_possorted_genome_bam.bam.bai,KD8_ultima_p1_72_barcodes.tsv.gz,KD8_ultima_p1_72_features.tsv.gz,KD8_ultima_p1_72_matrix.mtx.gz
KD8_ultima_p1_73,68,KD8_ultima_p1_73_S1_L001_R1_001.fastq.gz,KD8_ultima_p1_73_S1_L001_R2_001.fastq.gz,KD8_ultima_p1_73_possorted_genome_bam.bam,KD8_ultima_p1_73_possorted_genome_bam.bam.bai,KD8_ultima_p1_73_barcodes.tsv.gz,KD8_ultima_p1_73_features.tsv.gz,KD8_ultima_p1_73_matrix.mtx.gz
KD8_ultima_p1_74,69,KD8_ultima_p1_74_S1_L001_R1_001.fastq.gz,KD8_ultima_p1_74_S1_L001_R2_001.fastq.gz,KD8_ultima_p1_74_possorted_genome_bam.bam,KD8_ultima_p1_74_possorted_genome_bam.bam.bai,KD8_ultima_p1_74_barcodes.tsv.gz,KD8_ultima_p1_74_features.tsv.gz,KD8_ultima_p1_74_matrix.mtx.gz
KD8_ultima_p1_75,70,KD8_ultima_p1_75_S1_L001_R1_001.fastq.gz,KD8_ultima_p1_75_S1_L001_R2_001.fastq.gz,KD8_ultima_p1_75_possorted_genome_bam.bam,KD8_ultima_p1_75_possorted_genome_bam.bam.bai,KD8_ultima_p1_75_barcodes.tsv.gz,KD8_ultima_p1_75_features.tsv.gz,KD8_ultima_p1_75_matrix.mtx.gz
KD8_ultima_p1_76,71,KD8_ultima_p1_76_S1_L001_R1_001.fastq.gz,KD8_ultima_p1_76_S1_L001_R2_001.fastq.gz,KD8_ultima_p1_76_possorted_genome_bam.bam,KD8_ultima_p1_76_possorted_genome_bam.bam.bai,KD8_ultima_p1_76_barcodes.tsv.gz,KD8_ultima_p1_76_features.tsv.gz,KD8_ultima_p1_76_matrix.mtx.gz
KD8_ultima_p1_77,72,KD8_ultima_p1_77_S1_L001_R1_001.fastq.gz,KD8_ultima_p1_77_S1_L001_R2_001.fastq.gz,KD8_ultima_p1_77_possorted_genome_bam.bam,KD8_ultima_p1_77_possorted_genome_bam.bam.bai,KD8_ultima_p1_77_barcodes.tsv.gz,KD8_ultima_p1_77_features.tsv.gz,KD8_ultima_p1_77_matrix.mtx.gz
KD8_ultima_p1_78,73,KD8_ultima_p1_78_S1_L001_R1_001.fastq.gz,KD8_ultima_p1_78_S1_L001_R2_001.fastq.gz,KD8_ultima_p1_78_possorted_genome_bam.bam,KD8_ultima_p1_78_possorted_genome_bam.bam.bai,KD8_ultima_p1_78_barcodes.tsv.gz,KD8_ultima_p1_78_features.tsv.gz,KD8_ultima_p1_78_matrix.mtx.gz
KD8_ultima_p1_79,74,KD8_ultima_p1_79_S1_L001_R1_001.fastq.gz,KD8_ultima_p1_79_S1_L001_R2_001.fastq.gz,KD8_ultima_p1_79_possorted_genome_bam.bam,KD8_ultima_p1_79_possorted_genome_bam.bam.bai,KD8_ultima_p1_79_barcodes.tsv.gz,KD8_ultima_p1_79_features.tsv.gz,KD8_ultima_p1_79_matrix.mtx.gz
KD8_ultima_p1_80,76,KD8_ultima_p1_80_S1_L001_R1_001.fastq.gz,KD8_ultima_p1_80_S1_L001_R2_001.fastq.gz,KD8_ultima_p1_80_possorted_genome_bam.bam,KD8_ultima_p1_80_possorted_genome_bam.bam.bai,KD8_ultima_p1_80_barcodes.tsv.gz,KD8_ultima_p1_80_features.tsv.gz,KD8_ultima_p1_80_matrix.mtx.gz
KD8_ultima_p1_81,77,KD8_ultima_p1_81_S1_L001_R1_001.fastq.gz,KD8_ultima_p1_81_S1_L001_R2_001.fastq.gz,KD8_ultima_p1_81_possorted_genome_bam.bam,KD8_ultima_p1_81_possorted_genome_bam.bam.bai,KD8_ultima_p1_81_barcodes.tsv.gz,KD8_ultima_p1_81_features.tsv.gz,KD8_ultima_p1_81_matrix.mtx.gz
KD8_ultima_p1_82,78,KD8_ultima_p1_82_S1_L001_R1_001.fastq.gz,KD8_ultima_p1_82_S1_L001_R2_001.fastq.gz,KD8_ultima_p1_82_possorted_genome_bam.bam,KD8_ultima_p1_82_possorted_genome_bam.bam.bai,KD8_ultima_p1_82_barcodes.tsv.gz,KD8_ultima_p1_82_features.tsv.gz,KD8_ultima_p1_82_matrix.mtx.gz
KD8_ultima_p1_83,79,KD8_ultima_p1_83_S1_L001_R1_001.fastq.gz,KD8_ultima_p1_83_S1_L001_R2_001.fastq.gz,KD8_ultima_p1_83_possorted_genome_bam.bam,KD8_ultima_p1_83_possorted_genome_bam.bam.bai,KD8_ultima_p1_83_barcodes.tsv.gz,KD8_ultima_p1_83_features.tsv.gz,KD8_ultima_p1_83_matrix.mtx.gz
KD8_ultima_p1_84,80,KD8_ultima_p1_84_S1_L001_R1_001.fastq.gz,KD8_ultima_p1_84_S1_L001_R2_001.fastq.gz,KD8_ultima_p1_84_possorted_genome_bam.bam,KD8_ultima_p1_84_possorted_genome_bam.bam.bai,KD8_ultima_p1_84_barcodes.tsv.gz,KD8_ultima_p1_84_features.tsv.gz,KD8_ultima_p1_84_matrix.mtx.gz
KD8_ultima_p1_85,81,KD8_ultima_p1_85_S1_L001_R1_001.fastq.gz,KD8_ultima_p1_85_S1_L001_R2_001.fastq.gz,KD8_ultima_p1_85_possorted_genome_bam.bam,KD8_ultima_p1_85_possorted_genome_bam.bam.bai,KD8_ultima_p1_85_barcodes.tsv.gz,KD8_ultima_p1_85_features.tsv.gz,KD8_ultima_p1_85_matrix.mtx.gz
KD8_ultima_p1_86,82,KD8_ultima_p1_86_S1_L001_R1_001.fastq.gz,KD8_ultima_p1_86_S1_L001_R2_001.fastq.gz,KD8_ultima_p1_86_possorted_genome_bam.bam,KD8_ultima_p1_86_possorted_genome_bam.bam.bai,KD8_ultima_p1_86_barcodes.tsv.gz,KD8_ultima_p1_86_features.tsv.gz,KD8_ultima_p1_86_matrix.mtx.gz
KD8_ultima_p1_87,83,KD8_ultima_p1_87_S1_L001_R1_001.fastq.gz,KD8_ultima_p1_87_S1_L001_R2_001.fastq.gz,KD8_ultima_p1_87_possorted_genome_bam.bam,KD8_ultima_p1_87_possorted_genome_bam.bam.bai,KD8_ultima_p1_87_barcodes.tsv.gz,KD8_ultima_p1_87_features.tsv.gz,KD8_ultima_p1_87_matrix.mtx.gz
KD8_ultima_p1_89,84,KD8_ultima_p1_89_S1_L001_R1_001.fastq.gz,KD8_ultima_p1_89_S1_L001_R2_001.fastq.gz,KD8_ultima_p1_89_possorted_genome_bam.bam,KD8_ultima_p1_89_possorted_genome_bam.bam.bai,KD8_ultima_p1_89_barcodes.tsv.gz,KD8_ultima_p1_89_features.tsv.gz,KD8_ultima_p1_89_matrix.mtx.gz
KD8_ultima_p1_91,86,KD8_ultima_p1_91_S1_L001_R1_001.fastq.gz,KD8_ultima_p1_91_S1_L001_R2_001.fastq.gz,KD8_ultima_p1_91_possorted_genome_bam.bam,KD8_ultima_p1_91_possorted_genome_bam.bam.bai,KD8_ultima_p1_91_barcodes.tsv.gz,KD8_ultima_p1_91_features.tsv.gz,KD8_ultima_p1_91_matrix.mtx.gz
KD8_ultima_p1_92,87,KD8_ultima_p1_92_S1_L001_R1_001.fastq.gz,KD8_ultima_p1_92_S1_L001_R2_001.fastq.gz,KD8_ultima_p1_92_possorted_genome_bam.bam,KD8_ultima_p1_92_possorted_genome_bam.bam.bai,KD8_ultima_p1_92_barcodes.tsv.gz,KD8_ultima_p1_92_features.tsv.gz,KD8_ultima_p1_92_matrix.mtx.gz
KD8_ultima_p1_93,88,KD8_ultima_p1_93_S1_L001_R1_001.fastq.gz,KD8_ultima_p1_93_S1_L001_R2_001.fastq.gz,KD8_ultima_p1_93_possorted_genome_bam.bam,KD8_ultima_p1_93_possorted_genome_bam.bam.bai,KD8_ultima_p1_93_barcodes.tsv.gz,KD8_ultima_p1_93_features.tsv.gz,KD8_ultima_p1_93_matrix.mtx.gz
KD8_ultima_p1_94,89,KD8_ultima_p1_94_S1_L001_R1_001.fastq.gz,KD8_ultima_p1_94_S1_L001_R2_001.fastq.gz,KD8_ultima_p1_94_possorted_genome_bam.bam,KD8_ultima_p1_94_possorted_genome_bam.bam.bai,KD8_ultima_p1_94_barcodes.tsv.gz,KD8_ultima_p1_94_features.tsv.gz,KD8_ultima_p1_94_matrix.mtx.gz
KD8_ultima_p1_95,90,KD8_ultima_p1_95_S1_L001_R1_001.fastq.gz,KD8_ultima_p1_95_S1_L001_R2_001.fastq.gz,KD8_ultima_p1_95_possorted_genome_bam.bam,KD8_ultima_p1_95_possorted_genome_bam.bam.bai,KD8_ultima_p1_95_barcodes.tsv.gz,KD8_ultima_p1_95_features.tsv.gz,KD8_ultima_p1_95_matrix.mtx.gz
KD8_ultima_p2_0,92,KD8_ultima_p2_0_S1_L001_R1_001.fastq.gz,KD8_ultima_p2_0_S1_L001_R2_001.fastq.gz,KD8_ultima_p2_0_possorted_genome_bam.bam,KD8_ultima_p2_0_possorted_genome_bam.bam.bai,KD8_ultima_p2_0_barcodes.tsv.gz,KD8_ultima_p2_0_features.tsv.gz,KD8_ultima_p2_0_matrix.mtx.gz
KD8_ultima_p2_1,103,KD8_ultima_p2_1_S1_L001_R1_001.fastq.gz,KD8_ultima_p2_1_S1_L001_R2_001.fastq.gz,KD8_ultima_p2_1_possorted_genome_bam.bam,KD8_ultima_p2_1_possorted_genome_bam.bam.bai,KD8_ultima_p2_1_barcodes.tsv.gz,KD8_ultima_p2_1_features.tsv.gz,KD8_ultima_p2_1_matrix.mtx.gz
KD8_ultima_p2_2,114,KD8_ultima_p2_2_S1_L001_R1_001.fastq.gz,KD8_ultima_p2_2_S1_L001_R2_001.fastq.gz,KD8_ultima_p2_2_possorted_genome_bam.bam,KD8_ultima_p2_2_possorted_genome_bam.bam.bai,KD8_ultima_p2_2_barcodes.tsv.gz,KD8_ultima_p2_2_features.tsv.gz,KD8_ultima_p2_2_matrix.mtx.gz
KD8_ultima_p2_3,124,KD8_ultima_p2_3_S1_L001_R1_001.fastq.gz,KD8_ultima_p2_3_S1_L001_R2_001.fastq.gz,KD8_ultima_p2_3_possorted_genome_bam.bam,KD8_ultima_p2_3_possorted_genome_bam.bam.bai,KD8_ultima_p2_3_barcodes.tsv.gz,KD8_ultima_p2_3_features.tsv.gz,KD8_ultima_p2_3_matrix.mtx.gz
KD8_ultima_p2_4,134,KD8_ultima_p2_4_S1_L001_R1_001.fastq.gz,KD8_ultima_p2_4_S1_L001_R2_001.fastq.gz,KD8_ultima_p2_4_possorted_genome_bam.bam,KD8_ultima_p2_4_possorted_genome_bam.bam.bai,KD8_ultima_p2_4_barcodes.tsv.gz,KD8_ultima_p2_4_features.tsv.gz,KD8_ultima_p2_4_matrix.mtx.gz
KD8_ultima_p2_5,145,KD8_ultima_p2_5_S1_L001_R1_001.fastq.gz,KD8_ultima_p2_5_S1_L001_R2_001.fastq.gz,KD8_ultima_p2_5_possorted_genome_bam.bam,KD8_ultima_p2_5_possorted_genome_bam.bam.bai,KD8_ultima_p2_5_barcodes.tsv.gz,KD8_ultima_p2_5_features.tsv.gz,KD8_ultima_p2_5_matrix.mtx.gz
KD8_ultima_p2_6,156,KD8_ultima_p2_6_S1_L001_R1_001.fastq.gz,KD8_ultima_p2_6_S1_L001_R2_001.fastq.gz,KD8_ultima_p2_6_possorted_genome_bam.bam,KD8_ultima_p2_6_possorted_genome_bam.bam.bai,KD8_ultima_p2_6_barcodes.tsv.gz,KD8_ultima_p2_6_features.tsv.gz,KD8_ultima_p2_6_matrix.mtx.gz
KD8_ultima_p2_7,166,KD8_ultima_p2_7_S1_L001_R1_001.fastq.gz,KD8_ultima_p2_7_S1_L001_R2_001.fastq.gz,KD8_ultima_p2_7_possorted_genome_bam.bam,KD8_ultima_p2_7_possorted_genome_bam.bam.bai,KD8_ultima_p2_7_barcodes.tsv.gz,KD8_ultima_p2_7_features.tsv.gz,KD8_ultima_p2_7_matrix.mtx.gz
KD8_ultima_p2_8,177,KD8_ultima_p2_8_S1_L001_R1_001.fastq.gz,KD8_ultima_p2_8_S1_L001_R2_001.fastq.gz,KD8_ultima_p2_8_possorted_genome_bam.bam,KD8_ultima_p2_8_possorted_genome_bam.bam.bai,KD8_ultima_p2_8_barcodes.tsv.gz,KD8_ultima_p2_8_features.tsv.gz,KD8_ultima_p2_8_matrix.mtx.gz
KD8_ultima_p2_9,182,KD8_ultima_p2_9_S1_L001_R1_001.fastq.gz,KD8_ultima_p2_9_S1_L001_R2_001.fastq.gz,KD8_ultima_p2_9_possorted_genome_bam.bam,KD8_ultima_p2_9_possorted_genome_bam.bam.bai,KD8_ultima_p2_9_barcodes.tsv.gz,KD8_ultima_p2_9_features.tsv.gz,KD8_ultima_p2_9_matrix.mtx.gz
KD8_ultima_p2_10,93,KD8_ultima_p2_10_S1_L001_R1_001.fastq.gz,KD8_ultima_p2_10_S1_L001_R2_001.fastq.gz,KD8_ultima_p2_10_possorted_genome_bam.bam,KD8_ultima_p2_10_possorted_genome_bam.bam.bai,KD8_ultima_p2_10_barcodes.tsv.gz,KD8_ultima_p2_10_features.tsv.gz,KD8_ultima_p2_10_matrix.mtx.gz
KD8_ultima_p2_11,94,KD8_ultima_p2_11_S1_L001_R1_001.fastq.gz,KD8_ultima_p2_11_S1_L001_R2_001.fastq.gz,KD8_ultima_p2_11_possorted_genome_bam.bam,KD8_ultima_p2_11_possorted_genome_bam.bam.bai,KD8_ultima_p2_11_barcodes.tsv.gz,KD8_ultima_p2_11_features.tsv.gz,KD8_ultima_p2_11_matrix.mtx.gz
KD8_ultima_p2_12,95,KD8_ultima_p2_12_S1_L001_R1_001.fastq.gz,KD8_ultima_p2_12_S1_L001_R2_001.fastq.gz,KD8_ultima_p2_12_possorted_genome_bam.bam,KD8_ultima_p2_12_possorted_genome_bam.bam.bai,KD8_ultima_p2_12_barcodes.tsv.gz,KD8_ultima_p2_12_features.tsv.gz,KD8_ultima_p2_12_matrix.mtx.gz
KD8_ultima_p2_13,96,KD8_ultima_p2_13_S1_L001_R1_001.fastq.gz,KD8_ultima_p2_13_S1_L001_R2_001.fastq.gz,KD8_ultima_p2_13_possorted_genome_bam.bam,KD8_ultima_p2_13_possorted_genome_bam.bam.bai,KD8_ultima_p2_13_barcodes.tsv.gz,KD8_ultima_p2_13_features.tsv.gz,KD8_ultima_p2_13_matrix.mtx.gz
KD8_ultima_p2_14,97,KD8_ultima_p2_14_S1_L001_R1_001.fastq.gz,KD8_ultima_p2_14_S1_L001_R2_001.fastq.gz,KD8_ultima_p2_14_possorted_genome_bam.bam,KD8_ultima_p2_14_possorted_genome_bam.bam.bai,KD8_ultima_p2_14_barcodes.tsv.gz,KD8_ultima_p2_14_features.tsv.gz,KD8_ultima_p2_14_matrix.mtx.gz
KD8_ultima_p2_15,98,KD8_ultima_p2_15_S1_L001_R1_001.fastq.gz,KD8_ultima_p2_15_S1_L001_R2_001.fastq.gz,KD8_ultima_p2_15_possorted_genome_bam.bam,KD8_ultima_p2_15_possorted_genome_bam.bam.bai,KD8_ultima_p2_15_barcodes.tsv.gz,KD8_ultima_p2_15_features.tsv.gz,KD8_ultima_p2_15_matrix.mtx.gz
KD8_ultima_p2_16,99,KD8_ultima_p2_16_S1_L001_R1_001.fastq.gz,KD8_ultima_p2_16_S1_L001_R2_001.fastq.gz,KD8_ultima_p2_16_possorted_genome_bam.bam,KD8_ultima_p2_16_possorted_genome_bam.bam.bai,KD8_ultima_p2_16_barcodes.tsv.gz,KD8_ultima_p2_16_features.tsv.gz,KD8_ultima_p2_16_matrix.mtx.gz
KD8_ultima_p2_17,100,KD8_ultima_p2_17_S1_L001_R1_001.fastq.gz,KD8_ultima_p2_17_S1_L001_R2_001.fastq.gz,KD8_ultima_p2_17_possorted_genome_bam.bam,KD8_ultima_p2_17_possorted_genome_bam.bam.bai,KD8_ultima_p2_17_barcodes.tsv.gz,KD8_ultima_p2_17_features.tsv.gz,KD8_ultima_p2_17_matrix.mtx.gz
KD8_ultima_p2_18,101,KD8_ultima_p2_18_S1_L001_R1_001.fastq.gz,KD8_ultima_p2_18_S1_L001_R2_001.fastq.gz,KD8_ultima_p2_18_possorted_genome_bam.bam,KD8_ultima_p2_18_possorted_genome_bam.bam.bai,KD8_ultima_p2_18_barcodes.tsv.gz,KD8_ultima_p2_18_features.tsv.gz,KD8_ultima_p2_18_matrix.mtx.gz
KD8_ultima_p2_19,102,KD8_ultima_p2_19_S1_L001_R1_001.fastq.gz,KD8_ultima_p2_19_S1_L001_R2_001.fastq.gz,KD8_ultima_p2_19_possorted_genome_bam.bam,KD8_ultima_p2_19_possorted_genome_bam.bam.bai,KD8_ultima_p2_19_barcodes.tsv.gz,KD8_ultima_p2_19_features.tsv.gz,KD8_ultima_p2_19_matrix.mtx.gz
KD8_ultima_p2_20,104,KD8_ultima_p2_20_S1_L001_R1_001.fastq.gz,KD8_ultima_p2_20_S1_L001_R2_001.fastq.gz,KD8_ultima_p2_20_possorted_genome_bam.bam,KD8_ultima_p2_20_possorted_genome_bam.bam.bai,KD8_ultima_p2_20_barcodes.tsv.gz,KD8_ultima_p2_20_features.tsv.gz,KD8_ultima_p2_20_matrix.mtx.gz
KD8_ultima_p2_21,105,KD8_ultima_p2_21_S1_L001_R1_001.fastq.gz,KD8_ultima_p2_21_S1_L001_R2_001.fastq.gz,KD8_ultima_p2_21_possorted_genome_bam.bam,KD8_ultima_p2_21_possorted_genome_bam.bam.bai,KD8_ultima_p2_21_barcodes.tsv.gz,KD8_ultima_p2_21_features.tsv.gz,KD8_ultima_p2_21_matrix.mtx.gz
KD8_ultima_p2_22,106,KD8_ultima_p2_22_S1_L001_R1_001.fastq.gz,KD8_ultima_p2_22_S1_L001_R2_001.fastq.gz,KD8_ultima_p2_22_possorted_genome_bam.bam,KD8_ultima_p2_22_possorted_genome_bam.bam.bai,KD8_ultima_p2_22_barcodes.tsv.gz,KD8_ultima_p2_22_features.tsv.gz,KD8_ultima_p2_22_matrix.mtx.gz
KD8_ultima_p2_23,107,KD8_ultima_p2_23_S1_L001_R1_001.fastq.gz,KD8_ultima_p2_23_S1_L001_R2_001.fastq.gz,KD8_ultima_p2_23_possorted_genome_bam.bam,KD8_ultima_p2_23_possorted_genome_bam.bam.bai,KD8_ultima_p2_23_barcodes.tsv.gz,KD8_ultima_p2_23_features.tsv.gz,KD8_ultima_p2_23_matrix.mtx.gz
KD8_ultima_p2_24,108,KD8_ultima_p2_24_S1_L001_R1_001.fastq.gz,KD8_ultima_p2_24_S1_L001_R2_001.fastq.gz,KD8_ultima_p2_24_possorted_genome_bam.bam,KD8_ultima_p2_24_possorted_genome_bam.bam.bai,KD8_ultima_p2_24_barcodes.tsv.gz,KD8_ultima_p2_24_features.tsv.gz,KD8_ultima_p2_24_matrix.mtx.gz
KD8_ultima_p2_25,109,KD8_ultima_p2_25_S1_L001_R1_001.fastq.gz,KD8_ultima_p2_25_S1_L001_R2_001.fastq.gz,KD8_ultima_p2_25_possorted_genome_bam.bam,KD8_ultima_p2_25_possorted_genome_bam.bam.bai,KD8_ultima_p2_25_barcodes.tsv.gz,KD8_ultima_p2_25_features.tsv.gz,KD8_ultima_p2_25_matrix.mtx.gz
KD8_ultima_p2_26,110,KD8_ultima_p2_26_S1_L001_R1_001.fastq.gz,KD8_ultima_p2_26_S1_L001_R2_001.fastq.gz,KD8_ultima_p2_26_possorted_genome_bam.bam,KD8_ultima_p2_26_possorted_genome_bam.bam.bai,KD8_ultima_p2_26_barcodes.tsv.gz,KD8_ultima_p2_26_features.tsv.gz,KD8_ultima_p2_26_matrix.mtx.gz
KD8_ultima_p2_27,111,KD8_ultima_p2_27_S1_L001_R1_001.fastq.gz,KD8_ultima_p2_27_S1_L001_R2_001.fastq.gz,KD8_ultima_p2_27_possorted_genome_bam.bam,KD8_ultima_p2_27_possorted_genome_bam.bam.bai,KD8_ultima_p2_27_barcodes.tsv.gz,KD8_ultima_p2_27_features.tsv.gz,KD8_ultima_p2_27_matrix.mtx.gz
KD8_ultima_p2_28,112,KD8_ultima_p2_28_S1_L001_R1_001.fastq.gz,KD8_ultima_p2_28_S1_L001_R2_001.fastq.gz,KD8_ultima_p2_28_possorted_genome_bam.bam,KD8_ultima_p2_28_possorted_genome_bam.bam.bai,KD8_ultima_p2_28_barcodes.tsv.gz,KD8_ultima_p2_28_features.tsv.gz,KD8_ultima_p2_28_matrix.mtx.gz
KD8_ultima_p2_29,113,KD8_ultima_p2_29_S1_L001_R1_001.fastq.gz,KD8_ultima_p2_29_S1_L001_R2_001.fastq.gz,KD8_ultima_p2_29_possorted_genome_bam.bam,KD8_ultima_p2_29_possorted_genome_bam.bam.bai,KD8_ultima_p2_29_barcodes.tsv.gz,KD8_ultima_p2_29_features.tsv.gz,KD8_ultima_p2_29_matrix.mtx.gz
KD8_ultima_p2_30,115,KD8_ultima_p2_30_S1_L001_R1_001.fastq.gz,KD8_ultima_p2_30_S1_L001_R2_001.fastq.gz,KD8_ultima_p2_30_possorted_genome_bam.bam,KD8_ultima_p2_30_possorted_genome_bam.bam.bai,KD8_ultima_p2_30_barcodes.tsv.gz,KD8_ultima_p2_30_features.tsv.gz,KD8_ultima_p2_30_matrix.mtx.gz
KD8_ultima_p2_31,116,KD8_ultima_p2_31_S1_L001_R1_001.fastq.gz,KD8_ultima_p2_31_S1_L001_R2_001.fastq.gz,KD8_ultima_p2_31_possorted_genome_bam.bam,KD8_ultima_p2_31_possorted_genome_bam.bam.bai,KD8_ultima_p2_31_barcodes.tsv.gz,KD8_ultima_p2_31_features.tsv.gz,KD8_ultima_p2_31_matrix.mtx.gz
KD8_ultima_p2_32,117,KD8_ultima_p2_32_S1_L001_R1_001.fastq.gz,KD8_ultima_p2_32_S1_L001_R2_001.fastq.gz,KD8_ultima_p2_32_possorted_genome_bam.bam,KD8_ultima_p2_32_possorted_genome_bam.bam.bai,KD8_ultima_p2_32_barcodes.tsv.gz,KD8_ultima_p2_32_features.tsv.gz,KD8_ultima_p2_32_matrix.mtx.gz
KD8_ultima_p2_33,118,KD8_ultima_p2_33_S1_L001_R1_001.fastq.gz,KD8_ultima_p2_33_S1_L001_R2_001.fastq.gz,KD8_ultima_p2_33_possorted_genome_bam.bam,KD8_ultima_p2_33_possorted_genome_bam.bam.bai,KD8_ultima_p2_33_barcodes.tsv.gz,KD8_ultima_p2_33_features.tsv.gz,KD8_ultima_p2_33_matrix.mtx.gz
KD8_ultima_p2_34,119,KD8_ultima_p2_34_S1_L001_R1_001.fastq.gz,KD8_ultima_p2_34_S1_L001_R2_001.fastq.gz,KD8_ultima_p2_34_possorted_genome_bam.bam,KD8_ultima_p2_34_possorted_genome_bam.bam.bai,KD8_ultima_p2_34_barcodes.tsv.gz,KD8_ultima_p2_34_features.tsv.gz,KD8_ultima_p2_34_matrix.mtx.gz
KD8_ultima_p2_35,120,KD8_ultima_p2_35_S1_L001_R1_001.fastq.gz,KD8_ultima_p2_35_S1_L001_R2_001.fastq.gz,KD8_ultima_p2_35_possorted_genome_bam.bam,KD8_ultima_p2_35_possorted_genome_bam.bam.bai,KD8_ultima_p2_35_barcodes.tsv.gz,KD8_ultima_p2_35_features.tsv.gz,KD8_ultima_p2_35_matrix.mtx.gz
KD8_ultima_p2_36,121,KD8_ultima_p2_36_S1_L001_R1_001.fastq.gz,KD8_ultima_p2_36_S1_L001_R2_001.fastq.gz,KD8_ultima_p2_36_possorted_genome_bam.bam,KD8_ultima_p2_36_possorted_genome_bam.bam.bai,KD8_ultima_p2_36_barcodes.tsv.gz,KD8_ultima_p2_36_features.tsv.gz,KD8_ultima_p2_36_matrix.mtx.gz
KD8_ultima_p2_37,122,KD8_ultima_p2_37_S1_L001_R1_001.fastq.gz,KD8_ultima_p2_37_S1_L001_R2_001.fastq.gz,KD8_ultima_p2_37_possorted_genome_bam.bam,KD8_ultima_p2_37_possorted_genome_bam.bam.bai,KD8_ultima_p2_37_barcodes.tsv.gz,KD8_ultima_p2_37_features.tsv.gz,KD8_ultima_p2_37_matrix.mtx.gz
KD8_ultima_p2_38,123,KD8_ultima_p2_38_S1_L001_R1_001.fastq.gz,KD8_ultima_p2_38_S1_L001_R2_001.fastq.gz,KD8_ultima_p2_38_possorted_genome_bam.bam,KD8_ultima_p2_38_possorted_genome_bam.bam.bai,KD8_ultima_p2_38_barcodes.tsv.gz,KD8_ultima_p2_38_features.tsv.gz,KD8_ultima_p2_38_matrix.mtx.gz
KD8_ultima_p2_40,125,KD8_ultima_p2_40_S1_L001_R1_001.fastq.gz,KD8_ultima_p2_40_S1_L001_R2_001.fastq.gz,KD8_ultima_p2_40_possorted_genome_bam.bam,KD8_ultima_p2_40_possorted_genome_bam.bam.bai,KD8_ultima_p2_40_barcodes.tsv.gz,KD8_ultima_p2_40_features.tsv.gz,KD8_ultima_p2_40_matrix.mtx.gz
KD8_ultima_p2_41,126,KD8_ultima_p2_41_S1_L001_R1_001.fastq.gz,KD8_ultima_p2_41_S1_L001_R2_001.fastq.gz,KD8_ultima_p2_41_possorted_genome_bam.bam,KD8_ultima_p2_41_possorted_genome_bam.bam.bai,KD8_ultima_p2_41_barcodes.tsv.gz,KD8_ultima_p2_41_features.tsv.gz,KD8_ultima_p2_41_matrix.mtx.gz
KD8_ultima_p2_42,127,KD8_ultima_p2_42_S1_L001_R1_001.fastq.gz,KD8_ultima_p2_42_S1_L001_R2_001.fastq.gz,KD8_ultima_p2_42_possorted_genome_bam.bam,KD8_ultima_p2_42_possorted_genome_bam.bam.bai,KD8_ultima_p2_42_barcodes.tsv.gz,KD8_ultima_p2_42_features.tsv.gz,KD8_ultima_p2_42_matrix.mtx.gz
KD8_ultima_p2_43,128,KD8_ultima_p2_43_S1_L001_R1_001.fastq.gz,KD8_ultima_p2_43_S1_L001_R2_001.fastq.gz,KD8_ultima_p2_43_possorted_genome_bam.bam,KD8_ultima_p2_43_possorted_genome_bam.bam.bai,KD8_ultima_p2_43_barcodes.tsv.gz,KD8_ultima_p2_43_features.tsv.gz,KD8_ultima_p2_43_matrix.mtx.gz
KD8_ultima_p2_44,129,KD8_ultima_p2_44_S1_L001_R1_001.fastq.gz,KD8_ultima_p2_44_S1_L001_R2_001.fastq.gz,KD8_ultima_p2_44_possorted_genome_bam.bam,KD8_ultima_p2_44_possorted_genome_bam.bam.bai,KD8_ultima_p2_44_barcodes.tsv.gz,KD8_ultima_p2_44_features.tsv.gz,KD8_ultima_p2_44_matrix.mtx.gz
KD8_ultima_p2_46,130,KD8_ultima_p2_46_S1_L001_R1_001.fastq.gz,KD8_ultima_p2_46_S1_L001_R2_001.fastq.gz,KD8_ultima_p2_46_possorted_genome_bam.bam,KD8_ultima_p2_46_possorted_genome_bam.bam.bai,KD8_ultima_p2_46_barcodes.tsv.gz,KD8_ultima_p2_46_features.tsv.gz,KD8_ultima_p2_46_matrix.mtx.gz
KD8_ultima_p2_47,131,KD8_ultima_p2_47_S1_L001_R1_001.fastq.gz,KD8_ultima_p2_47_S1_L001_R2_001.fastq.gz,KD8_ultima_p2_47_possorted_genome_bam.bam,KD8_ultima_p2_47_possorted_genome_bam.bam.bai,KD8_ultima_p2_47_barcodes.tsv.gz,KD8_ultima_p2_47_features.tsv.gz,KD8_ultima_p2_47_matrix.mtx.gz
KD8_ultima_p2_48,132,KD8_ultima_p2_48_S1_L001_R1_001.fastq.gz,KD8_ultima_p2_48_S1_L001_R2_001.fastq.gz,KD8_ultima_p2_48_possorted_genome_bam.bam,KD8_ultima_p2_48_possorted_genome_bam.bam.bai,KD8_ultima_p2_48_barcodes.tsv.gz,KD8_ultima_p2_48_features.tsv.gz,KD8_ultima_p2_48_matrix.mtx.gz
KD8_ultima_p2_49,133,KD8_ultima_p2_49_S1_L001_R1_001.fastq.gz,KD8_ultima_p2_49_S1_L001_R2_001.fastq.gz,KD8_ultima_p2_49_possorted_genome_bam.bam,KD8_ultima_p2_49_possorted_genome_bam.bam.bai,KD8_ultima_p2_49_barcodes.tsv.gz,KD8_ultima_p2_49_features.tsv.gz,KD8_ultima_p2_49_matrix.mtx.gz
KD8_ultima_p2_50,135,KD8_ultima_p2_50_S1_L001_R1_001.fastq.gz,KD8_ultima_p2_50_S1_L001_R2_001.fastq.gz,KD8_ultima_p2_50_possorted_genome_bam.bam,KD8_ultima_p2_50_possorted_genome_bam.bam.bai,KD8_ultima_p2_50_barcodes.tsv.gz,KD8_ultima_p2_50_features.tsv.gz,KD8_ultima_p2_50_matrix.mtx.gz
KD8_ultima_p2_51,136,KD8_ultima_p2_51_S1_L001_R1_001.fastq.gz,KD8_ultima_p2_51_S1_L001_R2_001.fastq.gz,KD8_ultima_p2_51_possorted_genome_bam.bam,KD8_ultima_p2_51_possorted_genome_bam.bam.bai,KD8_ultima_p2_51_barcodes.tsv.gz,KD8_ultima_p2_51_features.tsv.gz,KD8_ultima_p2_51_matrix.mtx.gz
KD8_ultima_p2_52,137,KD8_ultima_p2_52_S1_L001_R1_001.fastq.gz,KD8_ultima_p2_52_S1_L001_R2_001.fastq.gz,KD8_ultima_p2_52_possorted_genome_bam.bam,KD8_ultima_p2_52_possorted_genome_bam.bam.bai,KD8_ultima_p2_52_barcodes.tsv.gz,KD8_ultima_p2_52_features.tsv.gz,KD8_ultima_p2_52_matrix.mtx.gz
KD8_ultima_p2_53,138,KD8_ultima_p2_53_S1_L001_R1_001.fastq.gz,KD8_ultima_p2_53_S1_L001_R2_001.fastq.gz,KD8_ultima_p2_53_possorted_genome_bam.bam,KD8_ultima_p2_53_possorted_genome_bam.bam.bai,KD8_ultima_p2_53_barcodes.tsv.gz,KD8_ultima_p2_53_features.tsv.gz,KD8_ultima_p2_53_matrix.mtx.gz
KD8_ultima_p2_54,139,KD8_ultima_p2_54_S1_L001_R1_001.fastq.gz,KD8_ultima_p2_54_S1_L001_R2_001.fastq.gz,KD8_ultima_p2_54_possorted_genome_bam.bam,KD8_ultima_p2_54_possorted_genome_bam.bam.bai,KD8_ultima_p2_54_barcodes.tsv.gz,KD8_ultima_p2_54_features.tsv.gz,KD8_ultima_p2_54_matrix.mtx.gz
KD8_ultima_p2_55,140,KD8_ultima_p2_55_S1_L001_R1_001.fastq.gz,KD8_ultima_p2_55_S1_L001_R2_001.fastq.gz,KD8_ultima_p2_55_possorted_genome_bam.bam,KD8_ultima_p2_55_possorted_genome_bam.bam.bai,KD8_ultima_p2_55_barcodes.tsv.gz,KD8_ultima_p2_55_features.tsv.gz,KD8_ultima_p2_55_matrix.mtx.gz
KD8_ultima_p2_56,141,KD8_ultima_p2_56_S1_L001_R1_001.fastq.gz,KD8_ultima_p2_56_S1_L001_R2_001.fastq.gz,KD8_ultima_p2_56_possorted_genome_bam.bam,KD8_ultima_p2_56_possorted_genome_bam.bam.bai,KD8_ultima_p2_56_barcodes.tsv.gz,KD8_ultima_p2_56_features.tsv.gz,KD8_ultima_p2_56_matrix.mtx.gz
KD8_ultima_p2_57,142,KD8_ultima_p2_57_S1_L001_R1_001.fastq.gz,KD8_ultima_p2_57_S1_L001_R2_001.fastq.gz,KD8_ultima_p2_57_possorted_genome_bam.bam,KD8_ultima_p2_57_possorted_genome_bam.bam.bai,KD8_ultima_p2_57_barcodes.tsv.gz,KD8_ultima_p2_57_features.tsv.gz,KD8_ultima_p2_57_matrix.mtx.gz
KD8_ultima_p2_58,143,KD8_ultima_p2_58_S1_L001_R1_001.fastq.gz,KD8_ultima_p2_58_S1_L001_R2_001.fastq.gz,KD8_ultima_p2_58_possorted_genome_bam.bam,KD8_ultima_p2_58_possorted_genome_bam.bam.bai,KD8_ultima_p2_58_barcodes.tsv.gz,KD8_ultima_p2_58_features.tsv.gz,KD8_ultima_p2_58_matrix.mtx.gz
KD8_ultima_p2_59,144,KD8_ultima_p2_59_S1_L001_R1_001.fastq.gz,KD8_ultima_p2_59_S1_L001_R2_001.fastq.gz,KD8_ultima_p2_59_possorted_genome_bam.bam,KD8_ultima_p2_59_possorted_genome_bam.bam.bai,KD8_ultima_p2_59_barcodes.tsv.gz,KD8_ultima_p2_59_features.tsv.gz,KD8_ultima_p2_59_matrix.mtx.gz
KD8_ultima_p2_60,146,KD8_ultima_p2_60_S1_L001_R1_001.fastq.gz,KD8_ultima_p2_60_S1_L001_R2_001.fastq.gz,KD8_ultima_p2_60_possorted_genome_bam.bam,KD8_ultima_p2_60_possorted_genome_bam.bam.bai,KD8_ultima_p2_60_barcodes.tsv.gz,KD8_ultima_p2_60_features.tsv.gz,KD8_ultima_p2_60_matrix.mtx.gz
KD8_ultima_p2_61,147,KD8_ultima_p2_61_S1_L001_R1_001.fastq.gz,KD8_ultima_p2_61_S1_L001_R2_001.fastq.gz,KD8_ultima_p2_61_possorted_genome_bam.bam,KD8_ultima_p2_61_possorted_genome_bam.bam.bai,KD8_ultima_p2_61_barcodes.tsv.gz,KD8_ultima_p2_61_features.tsv.gz,KD8_ultima_p2_61_matrix.mtx.gz
KD8_ultima_p2_62,148,KD8_ultima_p2_62_S1_L001_R1_001.fastq.gz,KD8_ultima_p2_62_S1_L001_R2_001.fastq.gz,KD8_ultima_p2_62_possorted_genome_bam.bam,KD8_ultima_p2_62_possorted_genome_bam.bam.bai,KD8_ultima_p2_62_barcodes.tsv.gz,KD8_ultima_p2_62_features.tsv.gz,KD8_ultima_p2_62_matrix.mtx.gz
KD8_ultima_p2_63,149,KD8_ultima_p2_63_S1_L001_R1_001.fastq.gz,KD8_ultima_p2_63_S1_L001_R2_001.fastq.gz,KD8_ultima_p2_63_possorted_genome_bam.bam,KD8_ultima_p2_63_possorted_genome_bam.bam.bai,KD8_ultima_p2_63_barcodes.tsv.gz,KD8_ultima_p2_63_features.tsv.gz,KD8_ultima_p2_63_matrix.mtx.gz
KD8_ultima_p2_64,150,KD8_ultima_p2_64_S1_L001_R1_001.fastq.gz,KD8_ultima_p2_64_S1_L001_R2_001.fastq.gz,KD8_ultima_p2_64_possorted_genome_bam.bam,KD8_ultima_p2_64_possorted_genome_bam.bam.bai,KD8_ultima_p2_64_barcodes.tsv.gz,KD8_ultima_p2_64_features.tsv.gz,KD8_ultima_p2_64_matrix.mtx.gz
KD8_ultima_p2_65,151,KD8_ultima_p2_65_S1_L001_R1_001.fastq.gz,KD8_ultima_p2_65_S1_L001_R2_001.fastq.gz,KD8_ultima_p2_65_possorted_genome_bam.bam,KD8_ultima_p2_65_possorted_genome_bam.bam.bai,KD8_ultima_p2_65_barcodes.tsv.gz,KD8_ultima_p2_65_features.tsv.gz,KD8_ultima_p2_65_matrix.mtx.gz
KD8_ultima_p2_66,152,KD8_ultima_p2_66_S1_L001_R1_001.fastq.gz,KD8_ultima_p2_66_S1_L001_R2_001.fastq.gz,KD8_ultima_p2_66_possorted_genome_bam.bam,KD8_ultima_p2_66_possorted_genome_bam.bam.bai,KD8_ultima_p2_66_barcodes.tsv.gz,KD8_ultima_p2_66_features.tsv.gz,KD8_ultima_p2_66_matrix.mtx.gz
KD8_ultima_p2_67,153,KD8_ultima_p2_67_S1_L001_R1_001.fastq.gz,KD8_ultima_p2_67_S1_L001_R2_001.fastq.gz,KD8_ultima_p2_67_possorted_genome_bam.bam,KD8_ultima_p2_67_possorted_genome_bam.bam.bai,KD8_ultima_p2_67_barcodes.tsv.gz,KD8_ultima_p2_67_features.tsv.gz,KD8_ultima_p2_67_matrix.mtx.gz
KD8_ultima_p2_68,154,KD8_ultima_p2_68_S1_L001_R1_001.fastq.gz,KD8_ultima_p2_68_S1_L001_R2_001.fastq.gz,KD8_ultima_p2_68_possorted_genome_bam.bam,KD8_ultima_p2_68_possorted_genome_bam.bam.bai,KD8_ultima_p2_68_barcodes.tsv.gz,KD8_ultima_p2_68_features.tsv.gz,KD8_ultima_p2_68_matrix.mtx.gz
KD8_ultima_p2_69,155,KD8_ultima_p2_69_S1_L001_R1_001.fastq.gz,KD8_ultima_p2_69_S1_L001_R2_001.fastq.gz,KD8_ultima_p2_69_possorted_genome_bam.bam,KD8_ultima_p2_69_possorted_genome_bam.bam.bai,KD8_ultima_p2_69_barcodes.tsv.gz,KD8_ultima_p2_69_features.tsv.gz,KD8_ultima_p2_69_matrix.mtx.gz
KD8_ultima_p2_70,157,KD8_ultima_p2_70_S1_L001_R1_001.fastq.gz,KD8_ultima_p2_70_S1_L001_R2_001.fastq.gz,KD8_ultima_p2_70_possorted_genome_bam.bam,KD8_ultima_p2_70_possorted_genome_bam.bam.bai,KD8_ultima_p2_70_barcodes.tsv.gz,KD8_ultima_p2_70_features.tsv.gz,KD8_ultima_p2_70_matrix.mtx.gz
KD8_ultima_p2_71,158,KD8_ultima_p2_71_S1_L001_R1_001.fastq.gz,KD8_ultima_p2_71_S1_L001_R2_001.fastq.gz,KD8_ultima_p2_71_possorted_genome_bam.bam,KD8_ultima_p2_71_possorted_genome_bam.bam.bai,KD8_ultima_p2_71_barcodes.tsv.gz,KD8_ultima_p2_71_features.tsv.gz,KD8_ultima_p2_71_matrix.mtx.gz
KD8_ultima_p2_72,159,KD8_ultima_p2_72_S1_L001_R1_001.fastq.gz,KD8_ultima_p2_72_S1_L001_R2_001.fastq.gz,KD8_ultima_p2_72_possorted_genome_bam.bam,KD8_ultima_p2_72_possorted_genome_bam.bam.bai,KD8_ultima_p2_72_barcodes.tsv.gz,KD8_ultima_p2_72_features.tsv.gz,KD8_ultima_p2_72_matrix.mtx.gz
KD8_ultima_p2_73,160,KD8_ultima_p2_73_S1_L001_R1_001.fastq.gz,KD8_ultima_p2_73_S1_L001_R2_001.fastq.gz,KD8_ultima_p2_73_possorted_genome_bam.bam,KD8_ultima_p2_73_possorted_genome_bam.bam.bai,KD8_ultima_p2_73_barcodes.tsv.gz,KD8_ultima_p2_73_features.tsv.gz,KD8_ultima_p2_73_matrix.mtx.gz
KD8_ultima_p2_74,161,KD8_ultima_p2_74_S1_L001_R1_001.fastq.gz,KD8_ultima_p2_74_S1_L001_R2_001.fastq.gz,KD8_ultima_p2_74_possorted_genome_bam.bam,KD8_ultima_p2_74_possorted_genome_bam.bam.bai,KD8_ultima_p2_74_barcodes.tsv.gz,KD8_ultima_p2_74_features.tsv.gz,KD8_ultima_p2_74_matrix.mtx.gz
KD8_ultima_p2_75,162,KD8_ultima_p2_75_S1_L001_R1_001.fastq.gz,KD8_ultima_p2_75_S1_L001_R2_001.fastq.gz,KD8_ultima_p2_75_possorted_genome_bam.bam,KD8_ultima_p2_75_possorted_genome_bam.bam.bai,KD8_ultima_p2_75_barcodes.tsv.gz,KD8_ultima_p2_75_features.tsv.gz,KD8_ultima_p2_75_matrix.mtx.gz
KD8_ultima_p2_76,163,KD8_ultima_p2_76_S1_L001_R1_001.fastq.gz,KD8_ultima_p2_76_S1_L001_R2_001.fastq.gz,KD8_ultima_p2_76_possorted_genome_bam.bam,KD8_ultima_p2_76_possorted_genome_bam.bam.bai,KD8_ultima_p2_76_barcodes.tsv.gz,KD8_ultima_p2_76_features.tsv.gz,KD8_ultima_p2_76_matrix.mtx.gz
KD8_ultima_p2_77,164,KD8_ultima_p2_77_S1_L001_R1_001.fastq.gz,KD8_ultima_p2_77_S1_L001_R2_001.fastq.gz,KD8_ultima_p2_77_possorted_genome_bam.bam,KD8_ultima_p2_77_possorted_genome_bam.bam.bai,KD8_ultima_p2_77_barcodes.tsv.gz,KD8_ultima_p2_77_features.tsv.gz,KD8_ultima_p2_77_matrix.mtx.gz
KD8_ultima_p2_78,165,KD8_ultima_p2_78_S1_L001_R1_001.fastq.gz,KD8_ultima_p2_78_S1_L001_R2_001.fastq.gz,KD8_ultima_p2_78_possorted_genome_bam.bam,KD8_ultima_p2_78_possorted_genome_bam.bam.bai,KD8_ultima_p2_78_barcodes.tsv.gz,KD8_ultima_p2_78_features.tsv.gz,KD8_ultima_p2_78_matrix.mtx.gz
KD8_ultima_p2_80,167,KD8_ultima_p2_80_S1_L001_R1_001.fastq.gz,KD8_ultima_p2_80_S1_L001_R2_001.fastq.gz,KD8_ultima_p2_80_possorted_genome_bam.bam,KD8_ultima_p2_80_possorted_genome_bam.bam.bai,KD8_ultima_p2_80_barcodes.tsv.gz,KD8_ultima_p2_80_features.tsv.gz,KD8_ultima_p2_80_matrix.mtx.gz
KD8_ultima_p2_81,168,KD8_ultima_p2_81_S1_L001_R1_001.fastq.gz,KD8_ultima_p2_81_S1_L001_R2_001.fastq.gz,KD8_ultima_p2_81_possorted_genome_bam.bam,KD8_ultima_p2_81_possorted_genome_bam.bam.bai,KD8_ultima_p2_81_barcodes.tsv.gz,KD8_ultima_p2_81_features.tsv.gz,KD8_ultima_p2_81_matrix.mtx.gz
KD8_ultima_p2_82,169,KD8_ultima_p2_82_S1_L001_R1_001.fastq.gz,KD8_ultima_p2_82_S1_L001_R2_001.fastq.gz,KD8_ultima_p2_82_possorted_genome_bam.bam,KD8_ultima_p2_82_possorted_genome_bam.bam.bai,KD8_ultima_p2_82_barcodes.tsv.gz,KD8_ultima_p2_82_features.tsv.gz,KD8_ultima_p2_82_matrix.mtx.gz
KD8_ultima_p2_83,170,KD8_ultima_p2_83_S1_L001_R1_001.fastq.gz,KD8_ultima_p2_83_S1_L001_R2_001.fastq.gz,KD8_ultima_p2_83_possorted_genome_bam.bam,KD8_ultima_p2_83_possorted_genome_bam.bam.bai,KD8_ultima_p2_83_barcodes.tsv.gz,KD8_ultima_p2_83_features.tsv.gz,KD8_ultima_p2_83_matrix.mtx.gz
KD8_ultima_p2_84,171,KD8_ultima_p2_84_S1_L001_R1_001.fastq.gz,KD8_ultima_p2_84_S1_L001_R2_001.fastq.gz,KD8_ultima_p2_84_possorted_genome_bam.bam,KD8_ultima_p2_84_possorted_genome_bam.bam.bai,KD8_ultima_p2_84_barcodes.tsv.gz,KD8_ultima_p2_84_features.tsv.gz,KD8_ultima_p2_84_matrix.mtx.gz
KD8_ultima_p2_85,172,KD8_ultima_p2_85_S1_L001_R1_001.fastq.gz,KD8_ultima_p2_85_S1_L001_R2_001.fastq.gz,KD8_ultima_p2_85_possorted_genome_bam.bam,KD8_ultima_p2_85_possorted_genome_bam.bam.bai,KD8_ultima_p2_85_barcodes.tsv.gz,KD8_ultima_p2_85_features.tsv.gz,KD8_ultima_p2_85_matrix.mtx.gz
KD8_ultima_p2_86,173,KD8_ultima_p2_86_S1_L001_R1_001.fastq.gz,KD8_ultima_p2_86_S1_L001_R2_001.fastq.gz,KD8_ultima_p2_86_possorted_genome_bam.bam,KD8_ultima_p2_86_possorted_genome_bam.bam.bai,KD8_ultima_p2_86_barcodes.tsv.gz,KD8_ultima_p2_86_features.tsv.gz,KD8_ultima_p2_86_matrix.mtx.gz
KD8_ultima_p2_87,174,KD8_ultima_p2_87_S1_L001_R1_001.fastq.gz,KD8_ultima_p2_87_S1_L001_R2_001.fastq.gz,KD8_ultima_p2_87_possorted_genome_bam.bam,KD8_ultima_p2_87_possorted_genome_bam.bam.bai,KD8_ultima_p2_87_barcodes.tsv.gz,KD8_ultima_p2_87_features.tsv.gz,KD8_ultima_p2_87_matrix.mtx.gz
KD8_ultima_p2_88,175,KD8_ultima_p2_88_S1_L001_R1_001.fastq.gz,KD8_ultima_p2_88_S1_L001_R2_001.fastq.gz,KD8_ultima_p2_88_possorted_genome_bam.bam,KD8_ultima_p2_88_possorted_genome_bam.bam.bai,KD8_ultima_p2_88_barcodes.tsv.gz,KD8_ultima_p2_88_features.tsv.gz,KD8_ultima_p2_88_matrix.mtx.gz
KD8_ultima_p2_89,176,KD8_ultima_p2_89_S1_L001_R1_001.fastq.gz,KD8_ultima_p2_89_S1_L001_R2_001.fastq.gz,KD8_ultima_p2_89_possorted_genome_bam.bam,KD8_ultima_p2_89_possorted_genome_bam.bam.bai,KD8_ultima_p2_89_barcodes.tsv.gz,KD8_ultima_p2_89_features.tsv.gz,KD8_ultima_p2_89_matrix.mtx.gz
KD8_ultima_p2_92,178,KD8_ultima_p2_92_S1_L001_R1_001.fastq.gz,KD8_ultima_p2_92_S1_L001_R2_001.fastq.gz,KD8_ultima_p2_92_possorted_genome_bam.bam,KD8_ultima_p2_92_possorted_genome_bam.bam.bai,KD8_ultima_p2_92_barcodes.tsv.gz,KD8_ultima_p2_92_features.tsv.gz,KD8_ultima_p2_92_matrix.mtx.gz
KD8_ultima_p2_93,179,KD8_ultima_p2_93_S1_L001_R1_001.fastq.gz,KD8_ultima_p2_93_S1_L001_R2_001.fastq.gz,KD8_ultima_p2_93_possorted_genome_bam.bam,KD8_ultima_p2_93_possorted_genome_bam.bam.bai,KD8_ultima_p2_93_barcodes.tsv.gz,KD8_ultima_p2_93_features.tsv.gz,KD8_ultima_p2_93_matrix.mtx.gz
KD8_ultima_p2_94,180,KD8_ultima_p2_94_S1_L001_R1_001.fastq.gz,KD8_ultima_p2_94_S1_L001_R2_001.fastq.gz,KD8_ultima_p2_94_possorted_genome_bam.bam,KD8_ultima_p2_94_possorted_genome_bam.bam.bai,KD8_ultima_p2_94_barcodes.tsv.gz,KD8_ultima_p2_94_features.tsv.gz,KD8_ultima_p2_94_matrix.mtx.gz
KD8_ultima_p2_95,181,KD8_ultima_p2_95_S1_L001_R1_001.fastq.gz,KD8_ultima_p2_95_S1_L001_R2_001.fastq.gz,KD8_ultima_p2_95_possorted_genome_bam.bam,KD8_ultima_p2_95_possorted_genome_bam.bam.bai,KD8_ultima_p2_95_barcodes.tsv.gz,KD8_ultima_p2_95_features.tsv.gz,KD8_ultima_p2_95_matrix.mtx.gz
KD8_ultima_p3_0,183,KD8_ultima_p3_0_S1_L001_R1_001.fastq.gz,KD8_ultima_p3_0_S1_L001_R2_001.fastq.gz,KD8_ultima_p3_0_possorted_genome_bam.bam,KD8_ultima_p3_0_possorted_genome_bam.bam.bai,KD8_ultima_p3_0_barcodes.tsv.gz,KD8_ultima_p3_0_features.tsv.gz,KD8_ultima_p3_0_matrix.mtx.gz
KD8_ultima_p3_1,194,KD8_ultima_p3_1_S1_L001_R1_001.fastq.gz,KD8_ultima_p3_1_S1_L001_R2_001.fastq.gz,KD8_ultima_p3_1_possorted_genome_bam.bam,KD8_ultima_p3_1_possorted_genome_bam.bam.bai,KD8_ultima_p3_1_barcodes.tsv.gz,KD8_ultima_p3_1_features.tsv.gz,KD8_ultima_p3_1_matrix.mtx.gz
KD8_ultima_p3_2,204,KD8_ultima_p3_2_S1_L001_R1_001.fastq.gz,KD8_ultima_p3_2_S1_L001_R2_001.fastq.gz,KD8_ultima_p3_2_possorted_genome_bam.bam,KD8_ultima_p3_2_possorted_genome_bam.bam.bai,KD8_ultima_p3_2_barcodes.tsv.gz,KD8_ultima_p3_2_features.tsv.gz,KD8_ultima_p3_2_matrix.mtx.gz
KD8_ultima_p3_3,214,KD8_ultima_p3_3_S1_L001_R1_001.fastq.gz,KD8_ultima_p3_3_S1_L001_R2_001.fastq.gz,KD8_ultima_p3_3_possorted_genome_bam.bam,KD8_ultima_p3_3_possorted_genome_bam.bam.bai,KD8_ultima_p3_3_barcodes.tsv.gz,KD8_ultima_p3_3_features.tsv.gz,KD8_ultima_p3_3_matrix.mtx.gz
KD8_ultima_p3_4,224,KD8_ultima_p3_4_S1_L001_R1_001.fastq.gz,KD8_ultima_p3_4_S1_L001_R2_001.fastq.gz,KD8_ultima_p3_4_possorted_genome_bam.bam,KD8_ultima_p3_4_possorted_genome_bam.bam.bai,KD8_ultima_p3_4_barcodes.tsv.gz,KD8_ultima_p3_4_features.tsv.gz,KD8_ultima_p3_4_matrix.mtx.gz
KD8_ultima_p3_5,235,KD8_ultima_p3_5_S1_L001_R1_001.fastq.gz,KD8_ultima_p3_5_S1_L001_R2_001.fastq.gz,KD8_ultima_p3_5_possorted_genome_bam.bam,KD8_ultima_p3_5_possorted_genome_bam.bam.bai,KD8_ultima_p3_5_barcodes.tsv.gz,KD8_ultima_p3_5_features.tsv.gz,KD8_ultima_p3_5_matrix.mtx.gz
KD8_ultima_p3_6,245,KD8_ultima_p3_6_S1_L001_R1_001.fastq.gz,KD8_ultima_p3_6_S1_L001_R2_001.fastq.gz,KD8_ultima_p3_6_possorted_genome_bam.bam,KD8_ultima_p3_6_possorted_genome_bam.bam.bai,KD8_ultima_p3_6_barcodes.tsv.gz,KD8_ultima_p3_6_features.tsv.gz,KD8_ultima_p3_6_matrix.mtx.gz
KD8_ultima_p3_7,256,KD8_ultima_p3_7_S1_L001_R1_001.fastq.gz,KD8_ultima_p3_7_S1_L001_R2_001.fastq.gz,KD8_ultima_p3_7_possorted_genome_bam.bam,KD8_ultima_p3_7_possorted_genome_bam.bam.bai,KD8_ultima_p3_7_barcodes.tsv.gz,KD8_ultima_p3_7_features.tsv.gz,KD8_ultima_p3_7_matrix.mtx.gz
KD8_ultima_p3_8,267,KD8_ultima_p3_8_S1_L001_R1_001.fastq.gz,KD8_ultima_p3_8_S1_L001_R2_001.fastq.gz,KD8_ultima_p3_8_possorted_genome_bam.bam,KD8_ultima_p3_8_possorted_genome_bam.bam.bai,KD8_ultima_p3_8_barcodes.tsv.gz,KD8_ultima_p3_8_features.tsv.gz,KD8_ultima_p3_8_matrix.mtx.gz
KD8_ultima_p3_9,273,KD8_ultima_p3_9_S1_L001_R1_001.fastq.gz,KD8_ultima_p3_9_S1_L001_R2_001.fastq.gz,KD8_ultima_p3_9_possorted_genome_bam.bam,KD8_ultima_p3_9_possorted_genome_bam.bam.bai,KD8_ultima_p3_9_barcodes.tsv.gz,KD8_ultima_p3_9_features.tsv.gz,KD8_ultima_p3_9_matrix.mtx.gz
KD8_ultima_p3_10,184,KD8_ultima_p3_10_S1_L001_R1_001.fastq.gz,KD8_ultima_p3_10_S1_L001_R2_001.fastq.gz,KD8_ultima_p3_10_possorted_genome_bam.bam,KD8_ultima_p3_10_possorted_genome_bam.bam.bai,KD8_ultima_p3_10_barcodes.tsv.gz,KD8_ultima_p3_10_features.tsv.gz,KD8_ultima_p3_10_matrix.mtx.gz
KD8_ultima_p3_11,185,KD8_ultima_p3_11_S1_L001_R1_001.fastq.gz,KD8_ultima_p3_11_S1_L001_R2_001.fastq.gz,KD8_ultima_p3_11_possorted_genome_bam.bam,KD8_ultima_p3_11_possorted_genome_bam.bam.bai,KD8_ultima_p3_11_barcodes.tsv.gz,KD8_ultima_p3_11_features.tsv.gz,KD8_ultima_p3_11_matrix.mtx.gz
KD8_ultima_p3_12,186,KD8_ultima_p3_12_S1_L001_R1_001.fastq.gz,KD8_ultima_p3_12_S1_L001_R2_001.fastq.gz,KD8_ultima_p3_12_possorted_genome_bam.bam,KD8_ultima_p3_12_possorted_genome_bam.bam.bai,KD8_ultima_p3_12_barcodes.tsv.gz,KD8_ultima_p3_12_features.tsv.gz,KD8_ultima_p3_12_matrix.mtx.gz
KD8_ultima_p3_13,187,KD8_ultima_p3_13_S1_L001_R1_001.fastq.gz,KD8_ultima_p3_13_S1_L001_R2_001.fastq.gz,KD8_ultima_p3_13_possorted_genome_bam.bam,KD8_ultima_p3_13_possorted_genome_bam.bam.bai,KD8_ultima_p3_13_barcodes.tsv.gz,KD8_ultima_p3_13_features.tsv.gz,KD8_ultima_p3_13_matrix.mtx.gz
KD8_ultima_p3_14,188,KD8_ultima_p3_14_S1_L001_R1_001.fastq.gz,KD8_ultima_p3_14_S1_L001_R2_001.fastq.gz,KD8_ultima_p3_14_possorted_genome_bam.bam,KD8_ultima_p3_14_possorted_genome_bam.bam.bai,KD8_ultima_p3_14_barcodes.tsv.gz,KD8_ultima_p3_14_features.tsv.gz,KD8_ultima_p3_14_matrix.mtx.gz
KD8_ultima_p3_15,189,KD8_ultima_p3_15_S1_L001_R1_001.fastq.gz,KD8_ultima_p3_15_S1_L001_R2_001.fastq.gz,KD8_ultima_p3_15_possorted_genome_bam.bam,KD8_ultima_p3_15_possorted_genome_bam.bam.bai,KD8_ultima_p3_15_barcodes.tsv.gz,KD8_ultima_p3_15_features.tsv.gz,KD8_ultima_p3_15_matrix.mtx.gz
KD8_ultima_p3_16,190,KD8_ultima_p3_16_S1_L001_R1_001.fastq.gz,KD8_ultima_p3_16_S1_L001_R2_001.fastq.gz,KD8_ultima_p3_16_possorted_genome_bam.bam,KD8_ultima_p3_16_possorted_genome_bam.bam.bai,KD8_ultima_p3_16_barcodes.tsv.gz,KD8_ultima_p3_16_features.tsv.gz,KD8_ultima_p3_16_matrix.mtx.gz
KD8_ultima_p3_17,191,KD8_ultima_p3_17_S1_L001_R1_001.fastq.gz,KD8_ultima_p3_17_S1_L001_R2_001.fastq.gz,KD8_ultima_p3_17_possorted_genome_bam.bam,KD8_ultima_p3_17_possorted_genome_bam.bam.bai,KD8_ultima_p3_17_barcodes.tsv.gz,KD8_ultima_p3_17_features.tsv.gz,KD8_ultima_p3_17_matrix.mtx.gz
KD8_ultima_p3_18,192,KD8_ultima_p3_18_S1_L001_R1_001.fastq.gz,KD8_ultima_p3_18_S1_L001_R2_001.fastq.gz,KD8_ultima_p3_18_possorted_genome_bam.bam,KD8_ultima_p3_18_possorted_genome_bam.bam.bai,KD8_ultima_p3_18_barcodes.tsv.gz,KD8_ultima_p3_18_features.tsv.gz,KD8_ultima_p3_18_matrix.mtx.gz
KD8_ultima_p3_19,193,KD8_ultima_p3_19_S1_L001_R1_001.fastq.gz,KD8_ultima_p3_19_S1_L001_R2_001.fastq.gz,KD8_ultima_p3_19_possorted_genome_bam.bam,KD8_ultima_p3_19_possorted_genome_bam.bam.bai,KD8_ultima_p3_19_barcodes.tsv.gz,KD8_ultima_p3_19_features.tsv.gz,KD8_ultima_p3_19_matrix.mtx.gz
KD8_ultima_p3_21,195,KD8_ultima_p3_21_S1_L001_R1_001.fastq.gz,KD8_ultima_p3_21_S1_L001_R2_001.fastq.gz,KD8_ultima_p3_21_possorted_genome_bam.bam,KD8_ultima_p3_21_possorted_genome_bam.bam.bai,KD8_ultima_p3_21_barcodes.tsv.gz,KD8_ultima_p3_21_features.tsv.gz,KD8_ultima_p3_21_matrix.mtx.gz
KD8_ultima_p3_22,196,KD8_ultima_p3_22_S1_L001_R1_001.fastq.gz,KD8_ultima_p3_22_S1_L001_R2_001.fastq.gz,KD8_ultima_p3_22_possorted_genome_bam.bam,KD8_ultima_p3_22_possorted_genome_bam.bam.bai,KD8_ultima_p3_22_barcodes.tsv.gz,KD8_ultima_p3_22_features.tsv.gz,KD8_ultima_p3_22_matrix.mtx.gz
KD8_ultima_p3_23,197,KD8_ultima_p3_23_S1_L001_R1_001.fastq.gz,KD8_ultima_p3_23_S1_L001_R2_001.fastq.gz,KD8_ultima_p3_23_possorted_genome_bam.bam,KD8_ultima_p3_23_possorted_genome_bam.bam.bai,KD8_ultima_p3_23_barcodes.tsv.gz,KD8_ultima_p3_23_features.tsv.gz,KD8_ultima_p3_23_matrix.mtx.gz
KD8_ultima_p3_24,198,KD8_ultima_p3_24_S1_L001_R1_001.fastq.gz,KD8_ultima_p3_24_S1_L001_R2_001.fastq.gz,KD8_ultima_p3_24_possorted_genome_bam.bam,KD8_ultima_p3_24_possorted_genome_bam.bam.bai,KD8_ultima_p3_24_barcodes.tsv.gz,KD8_ultima_p3_24_features.tsv.gz,KD8_ultima_p3_24_matrix.mtx.gz
KD8_ultima_p3_25,199,KD8_ultima_p3_25_S1_L001_R1_001.fastq.gz,KD8_ultima_p3_25_S1_L001_R2_001.fastq.gz,KD8_ultima_p3_25_possorted_genome_bam.bam,KD8_ultima_p3_25_possorted_genome_bam.bam.bai,KD8_ultima_p3_25_barcodes.tsv.gz,KD8_ultima_p3_25_features.tsv.gz,KD8_ultima_p3_25_matrix.mtx.gz
KD8_ultima_p3_26,200,KD8_ultima_p3_26_S1_L001_R1_001.fastq.gz,KD8_ultima_p3_26_S1_L001_R2_001.fastq.gz,KD8_ultima_p3_26_possorted_genome_bam.bam,KD8_ultima_p3_26_possorted_genome_bam.bam.bai,KD8_ultima_p3_26_barcodes.tsv.gz,KD8_ultima_p3_26_features.tsv.gz,KD8_ultima_p3_26_matrix.mtx.gz
KD8_ultima_p3_27,201,KD8_ultima_p3_27_S1_L001_R1_001.fastq.gz,KD8_ultima_p3_27_S1_L001_R2_001.fastq.gz,KD8_ultima_p3_27_possorted_genome_bam.bam,KD8_ultima_p3_27_possorted_genome_bam.bam.bai,KD8_ultima_p3_27_barcodes.tsv.gz,KD8_ultima_p3_27_features.tsv.gz,KD8_ultima_p3_27_matrix.mtx.gz
KD8_ultima_p3_28,202,KD8_ultima_p3_28_S1_L001_R1_001.fastq.gz,KD8_ultima_p3_28_S1_L001_R2_001.fastq.gz,KD8_ultima_p3_28_possorted_genome_bam.bam,KD8_ultima_p3_28_possorted_genome_bam.bam.bai,KD8_ultima_p3_28_barcodes.tsv.gz,KD8_ultima_p3_28_features.tsv.gz,KD8_ultima_p3_28_matrix.mtx.gz
KD8_ultima_p3_29,203,KD8_ultima_p3_29_S1_L001_R1_001.fastq.gz,KD8_ultima_p3_29_S1_L001_R2_001.fastq.gz,KD8_ultima_p3_29_possorted_genome_bam.bam,KD8_ultima_p3_29_possorted_genome_bam.bam.bai,KD8_ultima_p3_29_barcodes.tsv.gz,KD8_ultima_p3_29_features.tsv.gz,KD8_ultima_p3_29_matrix.mtx.gz
KD8_ultima_p3_30,205,KD8_ultima_p3_30_S1_L001_R1_001.fastq.gz,KD8_ultima_p3_30_S1_L001_R2_001.fastq.gz,KD8_ultima_p3_30_possorted_genome_bam.bam,KD8_ultima_p3_30_possorted_genome_bam.bam.bai,KD8_ultima_p3_30_barcodes.tsv.gz,KD8_ultima_p3_30_features.tsv.gz,KD8_ultima_p3_30_matrix.mtx.gz
KD8_ultima_p3_31,206,KD8_ultima_p3_31_S1_L001_R1_001.fastq.gz,KD8_ultima_p3_31_S1_L001_R2_001.fastq.gz,KD8_ultima_p3_31_possorted_genome_bam.bam,KD8_ultima_p3_31_possorted_genome_bam.bam.bai,KD8_ultima_p3_31_barcodes.tsv.gz,KD8_ultima_p3_31_features.tsv.gz,KD8_ultima_p3_31_matrix.mtx.gz
KD8_ultima_p3_32,207,KD8_ultima_p3_32_S1_L001_R1_001.fastq.gz,KD8_ultima_p3_32_S1_L001_R2_001.fastq.gz,KD8_ultima_p3_32_possorted_genome_bam.bam,KD8_ultima_p3_32_possorted_genome_bam.bam.bai,KD8_ultima_p3_32_barcodes.tsv.gz,KD8_ultima_p3_32_features.tsv.gz,KD8_ultima_p3_32_matrix.mtx.gz
KD8_ultima_p3_33,208,KD8_ultima_p3_33_S1_L001_R1_001.fastq.gz,KD8_ultima_p3_33_S1_L001_R2_001.fastq.gz,KD8_ultima_p3_33_possorted_genome_bam.bam,KD8_ultima_p3_33_possorted_genome_bam.bam.bai,KD8_ultima_p3_33_barcodes.tsv.gz,KD8_ultima_p3_33_features.tsv.gz,KD8_ultima_p3_33_matrix.mtx.gz
KD8_ultima_p3_34,209,KD8_ultima_p3_34_S1_L001_R1_001.fastq.gz,KD8_ultima_p3_34_S1_L001_R2_001.fastq.gz,KD8_ultima_p3_34_possorted_genome_bam.bam,KD8_ultima_p3_34_possorted_genome_bam.bam.bai,KD8_ultima_p3_34_barcodes.tsv.gz,KD8_ultima_p3_34_features.tsv.gz,KD8_ultima_p3_34_matrix.mtx.gz
KD8_ultima_p3_35,210,KD8_ultima_p3_35_S1_L001_R1_001.fastq.gz,KD8_ultima_p3_35_S1_L001_R2_001.fastq.gz,KD8_ultima_p3_35_possorted_genome_bam.bam,KD8_ultima_p3_35_possorted_genome_bam.bam.bai,KD8_ultima_p3_35_barcodes.tsv.gz,KD8_ultima_p3_35_features.tsv.gz,KD8_ultima_p3_35_matrix.mtx.gz
KD8_ultima_p3_36,211,KD8_ultima_p3_36_S1_L001_R1_001.fastq.gz,KD8_ultima_p3_36_S1_L001_R2_001.fastq.gz,KD8_ultima_p3_36_possorted_genome_bam.bam,KD8_ultima_p3_36_possorted_genome_bam.bam.bai,KD8_ultima_p3_36_barcodes.tsv.gz,KD8_ultima_p3_36_features.tsv.gz,KD8_ultima_p3_36_matrix.mtx.gz
KD8_ultima_p3_37,212,KD8_ultima_p3_37_S1_L001_R1_001.fastq.gz,KD8_ultima_p3_37_S1_L001_R2_001.fastq.gz,KD8_ultima_p3_37_possorted_genome_bam.bam,KD8_ultima_p3_37_possorted_genome_bam.bam.bai,KD8_ultima_p3_37_barcodes.tsv.gz,KD8_ultima_p3_37_features.tsv.gz,KD8_ultima_p3_37_matrix.mtx.gz
KD8_ultima_p3_39,213,KD8_ultima_p3_39_S1_L001_R1_001.fastq.gz,KD8_ultima_p3_39_S1_L001_R2_001.fastq.gz,KD8_ultima_p3_39_possorted_genome_bam.bam,KD8_ultima_p3_39_possorted_genome_bam.bam.bai,KD8_ultima_p3_39_barcodes.tsv.gz,KD8_ultima_p3_39_features.tsv.gz,KD8_ultima_p3_39_matrix.mtx.gz
KD8_ultima_p3_40,215,KD8_ultima_p3_40_S1_L001_R1_001.fastq.gz,KD8_ultima_p3_40_S1_L001_R2_001.fastq.gz,KD8_ultima_p3_40_possorted_genome_bam.bam,KD8_ultima_p3_40_possorted_genome_bam.bam.bai,KD8_ultima_p3_40_barcodes.tsv.gz,KD8_ultima_p3_40_features.tsv.gz,KD8_ultima_p3_40_matrix.mtx.gz
KD8_ultima_p3_41,216,KD8_ultima_p3_41_S1_L001_R1_001.fastq.gz,KD8_ultima_p3_41_S1_L001_R2_001.fastq.gz,KD8_ultima_p3_41_possorted_genome_bam.bam,KD8_ultima_p3_41_possorted_genome_bam.bam.bai,KD8_ultima_p3_41_barcodes.tsv.gz,KD8_ultima_p3_41_features.tsv.gz,KD8_ultima_p3_41_matrix.mtx.gz
KD8_ultima_p3_42,217,KD8_ultima_p3_42_S1_L001_R1_001.fastq.gz,KD8_ultima_p3_42_S1_L001_R2_001.fastq.gz,KD8_ultima_p3_42_possorted_genome_bam.bam,KD8_ultima_p3_42_possorted_genome_bam.bam.bai,KD8_ultima_p3_42_barcodes.tsv.gz,KD8_ultima_p3_42_features.tsv.gz,KD8_ultima_p3_42_matrix.mtx.gz
KD8_ultima_p3_43,218,KD8_ultima_p3_43_S1_L001_R1_001.fastq.gz,KD8_ultima_p3_43_S1_L001_R2_001.fastq.gz,KD8_ultima_p3_43_possorted_genome_bam.bam,KD8_ultima_p3_43_possorted_genome_bam.bam.bai,KD8_ultima_p3_43_barcodes.tsv.gz,KD8_ultima_p3_43_features.tsv.gz,KD8_ultima_p3_43_matrix.mtx.gz
KD8_ultima_p3_44,219,KD8_ultima_p3_44_S1_L001_R1_001.fastq.gz,KD8_ultima_p3_44_S1_L001_R2_001.fastq.gz,KD8_ultima_p3_44_possorted_genome_bam.bam,KD8_ultima_p3_44_possorted_genome_bam.bam.bai,KD8_ultima_p3_44_barcodes.tsv.gz,KD8_ultima_p3_44_features.tsv.gz,KD8_ultima_p3_44_matrix.mtx.gz
KD8_ultima_p3_45,220,KD8_ultima_p3_45_S1_L001_R1_001.fastq.gz,KD8_ultima_p3_45_S1_L001_R2_001.fastq.gz,KD8_ultima_p3_45_possorted_genome_bam.bam,KD8_ultima_p3_45_possorted_genome_bam.bam.bai,KD8_ultima_p3_45_barcodes.tsv.gz,KD8_ultima_p3_45_features.tsv.gz,KD8_ultima_p3_45_matrix.mtx.gz
KD8_ultima_p3_47,221,KD8_ultima_p3_47_S1_L001_R1_001.fastq.gz,KD8_ultima_p3_47_S1_L001_R2_001.fastq.gz,KD8_ultima_p3_47_possorted_genome_bam.bam,KD8_ultima_p3_47_possorted_genome_bam.bam.bai,KD8_ultima_p3_47_barcodes.tsv.gz,KD8_ultima_p3_47_features.tsv.gz,KD8_ultima_p3_47_matrix.mtx.gz
KD8_ultima_p3_48,222,KD8_ultima_p3_48_S1_L001_R1_001.fastq.gz,KD8_ultima_p3_48_S1_L001_R2_001.fastq.gz,KD8_ultima_p3_48_possorted_genome_bam.bam,KD8_ultima_p3_48_possorted_genome_bam.bam.bai,KD8_ultima_p3_48_barcodes.tsv.gz,KD8_ultima_p3_48_features.tsv.gz,KD8_ultima_p3_48_matrix.mtx.gz
KD8_ultima_p3_49,223,KD8_ultima_p3_49_S1_L001_R1_001.fastq.gz,KD8_ultima_p3_49_S1_L001_R2_001.fastq.gz,KD8_ultima_p3_49_possorted_genome_bam.bam,KD8_ultima_p3_49_possorted_genome_bam.bam.bai,KD8_ultima_p3_49_barcodes.tsv.gz,KD8_ultima_p3_49_features.tsv.gz,KD8_ultima_p3_49_matrix.mtx.gz
KD8_ultima_p3_50,225,KD8_ultima_p3_50_S1_L001_R1_001.fastq.gz,KD8_ultima_p3_50_S1_L001_R2_001.fastq.gz,KD8_ultima_p3_50_possorted_genome_bam.bam,KD8_ultima_p3_50_possorted_genome_bam.bam.bai,KD8_ultima_p3_50_barcodes.tsv.gz,KD8_ultima_p3_50_features.tsv.gz,KD8_ultima_p3_50_matrix.mtx.gz
KD8_ultima_p3_51,226,KD8_ultima_p3_51_S1_L001_R1_001.fastq.gz,KD8_ultima_p3_51_S1_L001_R2_001.fastq.gz,KD8_ultima_p3_51_possorted_genome_bam.bam,KD8_ultima_p3_51_possorted_genome_bam.bam.bai,KD8_ultima_p3_51_barcodes.tsv.gz,KD8_ultima_p3_51_features.tsv.gz,KD8_ultima_p3_51_matrix.mtx.gz
KD8_ultima_p3_52,227,KD8_ultima_p3_52_S1_L001_R1_001.fastq.gz,KD8_ultima_p3_52_S1_L001_R2_001.fastq.gz,KD8_ultima_p3_52_possorted_genome_bam.bam,KD8_ultima_p3_52_possorted_genome_bam.bam.bai,KD8_ultima_p3_52_barcodes.tsv.gz,KD8_ultima_p3_52_features.tsv.gz,KD8_ultima_p3_52_matrix.mtx.gz
KD8_ultima_p3_53,228,KD8_ultima_p3_53_S1_L001_R1_001.fastq.gz,KD8_ultima_p3_53_S1_L001_R2_001.fastq.gz,KD8_ultima_p3_53_possorted_genome_bam.bam,KD8_ultima_p3_53_possorted_genome_bam.bam.bai,KD8_ultima_p3_53_barcodes.tsv.gz,KD8_ultima_p3_53_features.tsv.gz,KD8_ultima_p3_53_matrix.mtx.gz
KD8_ultima_p3_54,229,KD8_ultima_p3_54_S1_L001_R1_001.fastq.gz,KD8_ultima_p3_54_S1_L001_R2_001.fastq.gz,KD8_ultima_p3_54_possorted_genome_bam.bam,KD8_ultima_p3_54_possorted_genome_bam.bam.bai,KD8_ultima_p3_54_barcodes.tsv.gz,KD8_ultima_p3_54_features.tsv.gz,KD8_ultima_p3_54_matrix.mtx.gz
KD8_ultima_p3_55,230,KD8_ultima_p3_55_S1_L001_R1_001.fastq.gz,KD8_ultima_p3_55_S1_L001_R2_001.fastq.gz,KD8_ultima_p3_55_possorted_genome_bam.bam,KD8_ultima_p3_55_possorted_genome_bam.bam.bai,KD8_ultima_p3_55_barcodes.tsv.gz,KD8_ultima_p3_55_features.tsv.gz,KD8_ultima_p3_55_matrix.mtx.gz
KD8_ultima_p3_56,231,KD8_ultima_p3_56_S1_L001_R1_001.fastq.gz,KD8_ultima_p3_56_S1_L001_R2_001.fastq.gz,KD8_ultima_p3_56_possorted_genome_bam.bam,KD8_ultima_p3_56_possorted_genome_bam.bam.bai,KD8_ultima_p3_56_barcodes.tsv.gz,KD8_ultima_p3_56_features.tsv.gz,KD8_ultima_p3_56_matrix.mtx.gz
KD8_ultima_p3_57,232,KD8_ultima_p3_57_S1_L001_R1_001.fastq.gz,KD8_ultima_p3_57_S1_L001_R2_001.fastq.gz,KD8_ultima_p3_57_possorted_genome_bam.bam,KD8_ultima_p3_57_possorted_genome_bam.bam.bai,KD8_ultima_p3_57_barcodes.tsv.gz,KD8_ultima_p3_57_features.tsv.gz,KD8_ultima_p3_57_matrix.mtx.gz
KD8_ultima_p3_58,233,KD8_ultima_p3_58_S1_L001_R1_001.fastq.gz,KD8_ultima_p3_58_S1_L001_R2_001.fastq.gz,KD8_ultima_p3_58_possorted_genome_bam.bam,KD8_ultima_p3_58_possorted_genome_bam.bam.bai,KD8_ultima_p3_58_barcodes.tsv.gz,KD8_ultima_p3_58_features.tsv.gz,KD8_ultima_p3_58_matrix.mtx.gz
KD8_ultima_p3_59,234,KD8_ultima_p3_59_S1_L001_R1_001.fastq.gz,KD8_ultima_p3_59_S1_L001_R2_001.fastq.gz,KD8_ultima_p3_59_possorted_genome_bam.bam,KD8_ultima_p3_59_possorted_genome_bam.bam.bai,KD8_ultima_p3_59_barcodes.tsv.gz,KD8_ultima_p3_59_features.tsv.gz,KD8_ultima_p3_59_matrix.mtx.gz
KD8_ultima_p3_60,236,KD8_ultima_p3_60_S1_L001_R1_001.fastq.gz,KD8_ultima_p3_60_S1_L001_R2_001.fastq.gz,KD8_ultima_p3_60_possorted_genome_bam.bam,KD8_ultima_p3_60_possorted_genome_bam.bam.bai,KD8_ultima_p3_60_barcodes.tsv.gz,KD8_ultima_p3_60_features.tsv.gz,KD8_ultima_p3_60_matrix.mtx.gz
KD8_ultima_p3_61,237,KD8_ultima_p3_61_S1_L001_R1_001.fastq.gz,KD8_ultima_p3_61_S1_L001_R2_001.fastq.gz,KD8_ultima_p3_61_possorted_genome_bam.bam,KD8_ultima_p3_61_possorted_genome_bam.bam.bai,KD8_ultima_p3_61_barcodes.tsv.gz,KD8_ultima_p3_61_features.tsv.gz,KD8_ultima_p3_61_matrix.mtx.gz
KD8_ultima_p3_62,238,KD8_ultima_p3_62_S1_L001_R1_001.fastq.gz,KD8_ultima_p3_62_S1_L001_R2_001.fastq.gz,KD8_ultima_p3_62_possorted_genome_bam.bam,KD8_ultima_p3_62_possorted_genome_bam.bam.bai,KD8_ultima_p3_62_barcodes.tsv.gz,KD8_ultima_p3_62_features.tsv.gz,KD8_ultima_p3_62_matrix.mtx.gz
KD8_ultima_p3_63,239,KD8_ultima_p3_63_S1_L001_R1_001.fastq.gz,KD8_ultima_p3_63_S1_L001_R2_001.fastq.gz,KD8_ultima_p3_63_possorted_genome_bam.bam,KD8_ultima_p3_63_possorted_genome_bam.bam.bai,KD8_ultima_p3_63_barcodes.tsv.gz,KD8_ultima_p3_63_features.tsv.gz,KD8_ultima_p3_63_matrix.mtx.gz
KD8_ultima_p3_65,240,KD8_ultima_p3_65_S1_L001_R1_001.fastq.gz,KD8_ultima_p3_65_S1_L001_R2_001.fastq.gz,KD8_ultima_p3_65_possorted_genome_bam.bam,KD8_ultima_p3_65_possorted_genome_bam.bam.bai,KD8_ultima_p3_65_barcodes.tsv.gz,KD8_ultima_p3_65_features.tsv.gz,KD8_ultima_p3_65_matrix.mtx.gz
KD8_ultima_p3_66,241,KD8_ultima_p3_66_S1_L001_R1_001.fastq.gz,KD8_ultima_p3_66_S1_L001_R2_001.fastq.gz,KD8_ultima_p3_66_possorted_genome_bam.bam,KD8_ultima_p3_66_possorted_genome_bam.bam.bai,KD8_ultima_p3_66_barcodes.tsv.gz,KD8_ultima_p3_66_features.tsv.gz,KD8_ultima_p3_66_matrix.mtx.gz
KD8_ultima_p3_67,242,KD8_ultima_p3_67_S1_L001_R1_001.fastq.gz,KD8_ultima_p3_67_S1_L001_R2_001.fastq.gz,KD8_ultima_p3_67_possorted_genome_bam.bam,KD8_ultima_p3_67_possorted_genome_bam.bam.bai,KD8_ultima_p3_67_barcodes.tsv.gz,KD8_ultima_p3_67_features.tsv.gz,KD8_ultima_p3_67_matrix.mtx.gz
KD8_ultima_p3_68,243,KD8_ultima_p3_68_S1_L001_R1_001.fastq.gz,KD8_ultima_p3_68_S1_L001_R2_001.fastq.gz,KD8_ultima_p3_68_possorted_genome_bam.bam,KD8_ultima_p3_68_possorted_genome_bam.bam.bai,KD8_ultima_p3_68_barcodes.tsv.gz,KD8_ultima_p3_68_features.tsv.gz,KD8_ultima_p3_68_matrix.mtx.gz
KD8_ultima_p3_69,244,KD8_ultima_p3_69_S1_L001_R1_001.fastq.gz,KD8_ultima_p3_69_S1_L001_R2_001.fastq.gz,KD8_ultima_p3_69_possorted_genome_bam.bam,KD8_ultima_p3_69_possorted_genome_bam.bam.bai,KD8_ultima_p3_69_barcodes.tsv.gz,KD8_ultima_p3_69_features.tsv.gz,KD8_ultima_p3_69_matrix.mtx.gz
KD8_ultima_p3_70,246,KD8_ultima_p3_70_S1_L001_R1_001.fastq.gz,KD8_ultima_p3_70_S1_L001_R2_001.fastq.gz,KD8_ultima_p3_70_possorted_genome_bam.bam,KD8_ultima_p3_70_possorted_genome_bam.bam.bai,KD8_ultima_p3_70_barcodes.tsv.gz,KD8_ultima_p3_70_features.tsv.gz,KD8_ultima_p3_70_matrix.mtx.gz
KD8_ultima_p3_71,247,KD8_ultima_p3_71_S1_L001_R1_001.fastq.gz,KD8_ultima_p3_71_S1_L001_R2_001.fastq.gz,KD8_ultima_p3_71_possorted_genome_bam.bam,KD8_ultima_p3_71_possorted_genome_bam.bam.bai,KD8_ultima_p3_71_barcodes.tsv.gz,KD8_ultima_p3_71_features.tsv.gz,KD8_ultima_p3_71_matrix.mtx.gz
KD8_ultima_p3_72,248,KD8_ultima_p3_72_S1_L001_R1_001.fastq.gz,KD8_ultima_p3_72_S1_L001_R2_001.fastq.gz,KD8_ultima_p3_72_possorted_genome_bam.bam,KD8_ultima_p3_72_possorted_genome_bam.bam.bai,KD8_ultima_p3_72_barcodes.tsv.gz,KD8_ultima_p3_72_features.tsv.gz,KD8_ultima_p3_72_matrix.mtx.gz
KD8_ultima_p3_73,249,KD8_ultima_p3_73_S1_L001_R1_001.fastq.gz,KD8_ultima_p3_73_S1_L001_R2_001.fastq.gz,KD8_ultima_p3_73_possorted_genome_bam.bam,KD8_ultima_p3_73_possorted_genome_bam.bam.bai,KD8_ultima_p3_73_barcodes.tsv.gz,KD8_ultima_p3_73_features.tsv.gz,KD8_ultima_p3_73_matrix.mtx.gz
KD8_ultima_p3_74,250,KD8_ultima_p3_74_S1_L001_R1_001.fastq.gz,KD8_ultima_p3_74_S1_L001_R2_001.fastq.gz,KD8_ultima_p3_74_possorted_genome_bam.bam,KD8_ultima_p3_74_possorted_genome_bam.bam.bai,KD8_ultima_p3_74_barcodes.tsv.gz,KD8_ultima_p3_74_features.tsv.gz,KD8_ultima_p3_74_matrix.mtx.gz
KD8_ultima_p3_75,251,KD8_ultima_p3_75_S1_L001_R1_001.fastq.gz,KD8_ultima_p3_75_S1_L001_R2_001.fastq.gz,KD8_ultima_p3_75_possorted_genome_bam.bam,KD8_ultima_p3_75_possorted_genome_bam.bam.bai,KD8_ultima_p3_75_barcodes.tsv.gz,KD8_ultima_p3_75_features.tsv.gz,KD8_ultima_p3_75_matrix.mtx.gz
KD8_ultima_p3_76,252,KD8_ultima_p3_76_S1_L001_R1_001.fastq.gz,KD8_ultima_p3_76_S1_L001_R2_001.fastq.gz,KD8_ultima_p3_76_possorted_genome_bam.bam,KD8_ultima_p3_76_possorted_genome_bam.bam.bai,KD8_ultima_p3_76_barcodes.tsv.gz,KD8_ultima_p3_76_features.tsv.gz,KD8_ultima_p3_76_matrix.mtx.gz
KD8_ultima_p3_77,253,KD8_ultima_p3_77_S1_L001_R1_001.fastq.gz,KD8_ultima_p3_77_S1_L001_R2_001.fastq.gz,KD8_ultima_p3_77_possorted_genome_bam.bam,KD8_ultima_p3_77_possorted_genome_bam.bam.bai,KD8_ultima_p3_77_barcodes.tsv.gz,KD8_ultima_p3_77_features.tsv.gz,KD8_ultima_p3_77_matrix.mtx.gz
KD8_ultima_p3_78,254,KD8_ultima_p3_78_S1_L001_R1_001.fastq.gz,KD8_ultima_p3_78_S1_L001_R2_001.fastq.gz,KD8_ultima_p3_78_possorted_genome_bam.bam,KD8_ultima_p3_78_possorted_genome_bam.bam.bai,KD8_ultima_p3_78_barcodes.tsv.gz,KD8_ultima_p3_78_features.tsv.gz,KD8_ultima_p3_78_matrix.mtx.gz
KD8_ultima_p3_79,255,KD8_ultima_p3_79_S1_L001_R1_001.fastq.gz,KD8_ultima_p3_79_S1_L001_R2_001.fastq.gz,KD8_ultima_p3_79_possorted_genome_bam.bam,KD8_ultima_p3_79_possorted_genome_bam.bam.bai,KD8_ultima_p3_79_barcodes.tsv.gz,KD8_ultima_p3_79_features.tsv.gz,KD8_ultima_p3_79_matrix.mtx.gz
KD8_ultima_p3_80,257,KD8_ultima_p3_80_S1_L001_R1_001.fastq.gz,KD8_ultima_p3_80_S1_L001_R2_001.fastq.gz,KD8_ultima_p3_80_possorted_genome_bam.bam,KD8_ultima_p3_80_possorted_genome_bam.bam.bai,KD8_ultima_p3_80_barcodes.tsv.gz,KD8_ultima_p3_80_features.tsv.gz,KD8_ultima_p3_80_matrix.mtx.gz
KD8_ultima_p3_81,258,KD8_ultima_p3_81_S1_L001_R1_001.fastq.gz,KD8_ultima_p3_81_S1_L001_R2_001.fastq.gz,KD8_ultima_p3_81_possorted_genome_bam.bam,KD8_ultima_p3_81_possorted_genome_bam.bam.bai,KD8_ultima_p3_81_barcodes.tsv.gz,KD8_ultima_p3_81_features.tsv.gz,KD8_ultima_p3_81_matrix.mtx.gz
KD8_ultima_p3_82,259,KD8_ultima_p3_82_S1_L001_R1_001.fastq.gz,KD8_ultima_p3_82_S1_L001_R2_001.fastq.gz,KD8_ultima_p3_82_possorted_genome_bam.bam,KD8_ultima_p3_82_possorted_genome_bam.bam.bai,KD8_ultima_p3_82_barcodes.tsv.gz,KD8_ultima_p3_82_features.tsv.gz,KD8_ultima_p3_82_matrix.mtx.gz
KD8_ultima_p3_83,260,KD8_ultima_p3_83_S1_L001_R1_001.fastq.gz,KD8_ultima_p3_83_S1_L001_R2_001.fastq.gz,KD8_ultima_p3_83_possorted_genome_bam.bam,KD8_ultima_p3_83_possorted_genome_bam.bam.bai,KD8_ultima_p3_83_barcodes.tsv.gz,KD8_ultima_p3_83_features.tsv.gz,KD8_ultima_p3_83_matrix.mtx.gz
KD8_ultima_p3_84,261,KD8_ultima_p3_84_S1_L001_R1_001.fastq.gz,KD8_ultima_p3_84_S1_L001_R2_001.fastq.gz,KD8_ultima_p3_84_possorted_genome_bam.bam,KD8_ultima_p3_84_possorted_genome_bam.bam.bai,KD8_ultima_p3_84_barcodes.tsv.gz,KD8_ultima_p3_84_features.tsv.gz,KD8_ultima_p3_84_matrix.mtx.gz
KD8_ultima_p3_85,262,KD8_ultima_p3_85_S1_L001_R1_001.fastq.gz,KD8_ultima_p3_85_S1_L001_R2_001.fastq.gz,KD8_ultima_p3_85_possorted_genome_bam.bam,KD8_ultima_p3_85_possorted_genome_bam.bam.bai,KD8_ultima_p3_85_barcodes.tsv.gz,KD8_ultima_p3_85_features.tsv.gz,KD8_ultima_p3_85_matrix.mtx.gz
KD8_ultima_p3_86,263,KD8_ultima_p3_86_S1_L001_R1_001.fastq.gz,KD8_ultima_p3_86_S1_L001_R2_001.fastq.gz,KD8_ultima_p3_86_possorted_genome_bam.bam,KD8_ultima_p3_86_possorted_genome_bam.bam.bai,KD8_ultima_p3_86_barcodes.tsv.gz,KD8_ultima_p3_86_features.tsv.gz,KD8_ultima_p3_86_matrix.mtx.gz
KD8_ultima_p3_87,264,KD8_ultima_p3_87_S1_L001_R1_001.fastq.gz,KD8_ultima_p3_87_S1_L001_R2_001.fastq.gz,KD8_ultima_p3_87_possorted_genome_bam.bam,KD8_ultima_p3_87_possorted_genome_bam.bam.bai,KD8_ultima_p3_87_barcodes.tsv.gz,KD8_ultima_p3_87_features.tsv.gz,KD8_ultima_p3_87_matrix.mtx.gz
KD8_ultima_p3_88,265,KD8_ultima_p3_88_S1_L001_R1_001.fastq.gz,KD8_ultima_p3_88_S1_L001_R2_001.fastq.gz,KD8_ultima_p3_88_possorted_genome_bam.bam,KD8_ultima_p3_88_possorted_genome_bam.bam.bai,KD8_ultima_p3_88_barcodes.tsv.gz,KD8_ultima_p3_88_features.tsv.gz,KD8_ultima_p3_88_matrix.mtx.gz
KD8_ultima_p3_89,266,KD8_ultima_p3_89_S1_L001_R1_001.fastq.gz,KD8_ultima_p3_89_S1_L001_R2_001.fastq.gz,KD8_ultima_p3_89_possorted_genome_bam.bam,KD8_ultima_p3_89_possorted_genome_bam.bam.bai,KD8_ultima_p3_89_barcodes.tsv.gz,KD8_ultima_p3_89_features.tsv.gz,KD8_ultima_p3_89_matrix.mtx.gz
KD8_ultima_p3_91,268,KD8_ultima_p3_91_S1_L001_R1_001.fastq.gz,KD8_ultima_p3_91_S1_L001_R2_001.fastq.gz,KD8_ultima_p3_91_possorted_genome_bam.bam,KD8_ultima_p3_91_possorted_genome_bam.bam.bai,KD8_ultima_p3_91_barcodes.tsv.gz,KD8_ultima_p3_91_features.tsv.gz,KD8_ultima_p3_91_matrix.mtx.gz
KD8_ultima_p3_92,269,KD8_ultima_p3_92_S1_L001_R1_001.fastq.gz,KD8_ultima_p3_92_S1_L001_R2_001.fastq.gz,KD8_ultima_p3_92_possorted_genome_bam.bam,KD8_ultima_p3_92_possorted_genome_bam.bam.bai,KD8_ultima_p3_92_barcodes.tsv.gz,KD8_ultima_p3_92_features.tsv.gz,KD8_ultima_p3_92_matrix.mtx.gz
KD8_ultima_p3_93,270,KD8_ultima_p3_93_S1_L001_R1_001.fastq.gz,KD8_ultima_p3_93_S1_L001_R2_001.fastq.gz,KD8_ultima_p3_93_possorted_genome_bam.bam,KD8_ultima_p3_93_possorted_genome_bam.bam.bai,KD8_ultima_p3_93_barcodes.tsv.gz,KD8_ultima_p3_93_features.tsv.gz,KD8_ultima_p3_93_matrix.mtx.gz
KD8_ultima_p3_94,271,KD8_ultima_p3_94_S1_L001_R1_001.fastq.gz,KD8_ultima_p3_94_S1_L001_R2_001.fastq.gz,KD8_ultima_p3_94_possorted_genome_bam.bam,KD8_ultima_p3_94_possorted_genome_bam.bam.bai,KD8_ultima_p3_94_barcodes.tsv.gz,KD8_ultima_p3_94_features.tsv.gz,KD8_ultima_p3_94_matrix.mtx.gz
KD8_ultima_p3_95,272,KD8_ultima_p3_95_S1_L001_R1_001.fastq.gz,KD8_ultima_p3_95_S1_L001_R2_001.fastq.gz,KD8_ultima_p3_95_possorted_genome_bam.bam,KD8_ultima_p3_95_possorted_genome_bam.bam.bai,KD8_ultima_p3_95_barcodes.tsv.gz,KD8_ultima_p3_95_features.tsv.gz,KD8_ultima_p3_95_matrix.mtx.gz